date,ttm
20110104,20.9774
20110105,21.3373
20110106,21.5172
20110107,20.9415
20110110,20.8515
20110111,20.3298
20110112,20.6536
20110113,20.4377
20110114,19.772
20110117,19.0704
20110118,19.0704
20110119,19.5382
20110120,18.2608
20110121,18.1888
20110124,17.901
20110125,17.865
20110126,18.2248
20110127,18.4227
20110128,18.4407
20110131,18.6386
20110201,18.8185
20110209,18.5667
20110210,19.1424
20110211,19.2503
20110214,19.808
20110215,19.5741
20110216,20.2938
20110217,20.8515
20110218,20.3837
20110221,21.1753
20110222,20.5097
20110223,20.7256
20110224,20.3837
20110225,20.2218
20110228,20.4917
20110301,20.2938
20110302,20.4557
20110303,19.9879
20110304,20.2398
20110307,20.7256
20110308,20.7975
20110309,20.5097
20110310,20.4377
20110311,20.3118
20110314,21.0674
20110315,20.2938
20110316,21.1665
20110317,20.6454
20110318,20.7353
20110321,20.5736
20110322,20.3759
20110323,20.6454
20110324,20.4657
20110325,20.7532
20110328,21.0946
20110329,21.0767
20110330,21.3462
20110331,20.4837
20110401,20.5017
20110406,20.5017
20110407,20.4657
20110408,20.4657
20110411,20.1244
20110412,20.4837
20110413,20.8431
20110414,20.5017
20110415,20.4837
20110418,20.9868
20110419,20.1423
20110420,20.0345
20110421,20.4478
20110422,19.5853
20110425,18.6689
20110426,18.633
20110427,18.4893
20110428,18.04
20110429,17.4771
20110503,17.7491
20110504,17.137
20110505,17.2221
20110506,17.2731
20110509,17.3241
20110510,17.3581
20110511,17.3751
20110512,17.018
20110513,19.7372
20110516,19.7372
20110517,19.9122
20110518,19.8539
20110519,19.815
20110520,19.9317
20110523,19.1539
20110524,18.9594
20110525,18.4927
20110526,18.2788
20110527,18.2399
20110530,17.7149
20110531,18.0844
20110601,18.1038
20110602,17.8316
20110603,18.0649
20110607,18.2205
20110608,18.1038
20110609,17.6566
20110610,17.6954
20110613,17.6954
20110614,17.8899
20110615,17.7343
20110616,17.3065
20110617,17.2482
20110620,16.8787
20110621,17.0732
20110622,17.0732
20110623,17.4038
20110624,17.8899
20110627,17.9288
20110628,17.9288
20110629,17.5593
20110630,17.851
20110701,17.9871
20110704,18.5316
20110705,18.4538
20110706,18.8233
20110707,19.1539
20110708,19.115
20110711,19.1733
20110712,18.551
20110713,18.8427
20110714,19.0177
20110715,19.0955
20110718,19.3094
20110719,19.0372
20110720,19.1344
20110721,19.2316
20110722,19.5039
20110725,18.9011
20110726,18.8427
20110727,18.9011
20110728,18.6483
20110729,18.1427
20110801,18.1621
20110802,18.0649
20110803,18.1038
20110804,18.1621
20110805,17.7732
20110808,17.0732
20110809,17.0148
20110810,17.4232
20110811,17.5788
20110812,17.6566
20110815,17.9093
20110816,17.6954
20110817,17.6566
20110818,17.4815
20110819,17.4986
20110822,17.4587
20110823,17.7776
20110824,17.658
20110825,18.1563
20110826,18.1563
20110829,17.7377
20110830,17.3989
20110831,17.5185
20110901,17.6979
20110902,17.6979
20110905,17.2793
20110906,17.1199
20110907,17.4786
20110908,17.3192
20110909,17.4388
20110913,17.4986
20110914,17.6979
20110915,17.6381
20110916,17.7178
20110919,17.5384
20110920,17.6181
20110921,18.0965
20110922,17.4986
20110923,17.5982
20110926,17.6779
20110927,17.7377
20110928,17.2195
20110929,17.1996
20110930,17.08
20111010,17.0202
20111011,17.0402
20111012,17.4786
20111013,17.5783
20111014,17.7776
20111017,17.6381
20111018,17.3989
20111019,17.2793
20111020,16.6615
20111021,16.3825
20111024,16.5419
20111025,16.9007
20111026,16.8608
20111027,16.801
20111028,17.1199
20111031,17.6393
20111101,17.5148
20111102,18.0543
20111103,18.5316
20111104,18.5731
20111107,18.6561
20111108,18.5731
20111109,18.7599
20111110,18.5731
20111111,18.6769
20111114,18.7599
20111115,18.7184
20111116,18.1581
20111117,17.9713
20111118,17.4525
20111121,17.5148
20111122,17.5563
20111123,17.3903
20111124,17.3903
20111125,17.2242
20111128,17.2035
20111129,17.4733
20111130,16.8922
20111201,16.996
20111202,16.6432
20111205,16.2904
20111206,16.2281
20111207,16.1244
20111208,16.2489
20111209,16.2489
20111212,16.3527
20111213,15.6678
20111214,15.3773
20111215,15.0245
20111216,15.3358
20111219,15.5641
20111220,15.3773
20111221,15.2735
20111222,15.0868
20111223,15.1905
20111226,15.1905
20111227,15.0453
20111228,14.9208
20111229,14.9208
20111230,14.983
20120104,14.7755
20120105,14.6925
20120106,15.0245
20120109,15.3981
20120110,15.8339
20120111,15.8339
20120112,15.7093
20120113,15.2735
20120116,15.0245
20120117,15.7301
20120118,15.5641
20120119,15.6678
20120120,15.8961
20120130,15.5018
20120131,15.5433
20120201,15.7093
20120202,16.0621
20120203,16.8092
20120206,17.328
20120207,16.996
20120208,17.3488
20120209,17.4318
20120210,17.0997
20120213,17.494
20120214,17.0997
20120215,17.162
20120216,16.7677
20120217,16.8715
20120220,16.7885
20120221,17.0582
20120222,17.2242
20120223,17.1412
20120224,17.3073
20120227,17.245
20120228,17.162
20120229,16.5602
20120301,16.6639
20120302,16.8715
20120305,17.2035
20120306,16.8507
20120307,16.7677
20120308,16.8507
20120309,17.577
20120312,17.411
20120313,17.494
20120314,16.6847
20120315,16.7262
20120316,16.8715
20120319,16.913
20120320,16.5394
20120321,16.6847
20120322,16.5394
20120323,16.2696
20120326,16.7885
20120327,16.7054
20120328,16.4149
20120329,18.5469
20120330,18.2552
20120405,18.7414
20120406,19.8595
20120409,19.6894
20120410,20.3214
20120411,20.1269
20120412,20.3214
20120413,20.1755
20120416,21.0263
20120417,20.9291
20120418,20.9291
20120419,21.0749
20120420,21.318
20120423,21.4881
20120424,23.8988
20120425,23.9553
20120426,23.8705
20120427,23.5881
20120502,23.7293
20120503,23.7858
20120504,23.6445
20120507,23.701
20120508,23.4468
20120509,23.0513
20120510,23.2491
20120511,23.2208
20120514,23.0796
20120515,22.9666
20120516,22.2886
20120517,22.4581
20120518,21.5824
20120521,21.5259
20120522,21.8366
20120523,21.8084
20120524,21.8366
20120525,21.6106
20120528,22.4863
20120529,22.6558
20120530,22.7406
20120531,22.7123
20120601,21.7773
20120604,20.8592
20120605,20.5654
20120606,20.2349
20120607,19.7942
20120608,19.7575
20120611,19.5738
20120612,19.6473
20120613,19.7575
20120614,19.7207
20120615,19.7942
20120618,20.088
20120619,20.0513
20120620,20.3083
20120621,19.9044
20120625,19.5004
20120626,19.3535
20120627,19.4637
20120628,18.9495
20120629,18.9128
20120702,18.6925
20120703,18.9128
20120704,18.9128
20120705,18.8026
20120706,19.023
20120709,18.5089
20120710,18.3252
20120711,18.2151
20120712,18.1783
20120713,17.958
20120716,16.2687
20120717,16.1585
20120718,16.1218
20120719,16.3054
20120720,16.3789
20120723,16.3421
20120724,16.489
20120725,16.1218
20120726,16.3054
20120727,16.5625
20120730,16.3054
20120731,16.1218
20120801,16.3054
20120802,16.1585
20120803,16.3789
20120806,16.6727
20120807,16.8196
20120808,16.7828
20120809,16.9664
20120810,17.4806
20120813,17.0766
20120814,17.297
20120815,16.9664
20120816,16.893
20120817,16.5258
20120820,16.4523
20120821,16.7461
20120822,16.6727
20120823,17.0399
20120824,16.6359
20120827,16.3789
20120828,19.7428
20120829,19.6985
20120830,19.6985
20120831,19.4323
20120903,19.5654
20120904,19.2992
20120905,19.6985
20120906,19.8759
20120907,20.6301
20120910,21.1182
20120911,21.0738
20120912,21.2069
20120913,20.4527
20120914,20.497
20120917,19.9647
20120918,19.6097
20120919,19.7872
20120920,19.0773
20120921,19.1217
20120924,19.6541
20120925,19.1661
20120926,18.8555
20120927,19.1217
20120928,19.4766
20121008,19.7428
20121009,20.1421
20121010,20.1865
20121011,19.7872
20121012,19.9647
20121015,20.0978
20121016,20.1865
20121017,20.009
20121018,20.5414
20121019,20.2309
20121022,20.2752
20121023,20.009
20121024,20.0534
20121025,20.1421
20121026,19.2548
20121029,19.2104
20121030,19.2992
20121031,21.5084
20121101,21.9058
20121102,22.0051
20121105,21.8561
20121106,21.6078
20121107,21.7568
20121108,21.2104
20121109,21.1607
20121112,21.3097
20121113,20.7633
20121114,20.8627
20121115,20.1672
20121116,19.7699
20121119,20.3163
20121120,20.3659
20121121,20.515
20121122,20.3163
20121123,20.0679
20121126,19.4221
20121127,18.8261
20121128,18.528
20121129,18.1803
20121130,18.3293
20121203,17.9816
20121204,18.1803
20121205,18.677
20121206,18.5777
20121207,18.9254
20121210,19.4221
20121211,19.4718
20121212,19.2731
20121213,19.0744
20121214,20.0679
20121217,20.4653
20121218,20.2666
20121219,20.2169
20121220,20.7633
20121221,20.6143
20121224,20.7633
20121225,21.111
20121226,21.0614
20121227,20.7633
20121228,20.7136
20121231,20.9123
20130104,21.0614
20130107,21.9555
20130108,22.1045
20130109,21.9058
20130110,21.9058
20130111,21.0117
20130114,21.7568
20130115,22.3032
20130116,22.2038
20130117,21.9555
20130118,22.2038
20130121,22.8496
20130122,22.5515
20130123,22.4025
20130124,21.6078
20130125,21.7071
20130128,21.9555
20130129,22.0051
20130130,22.6012
20130131,22.5515
20130201,22.4522
20130204,22.9489
20130205,23.5947
20130206,23.2966
20130207,23.545
20130208,23.7437
20130218,24.6378
20130219,23.5947
20130220,23.8927
20130221,23.1476
20130222,23.545
20130225,23.7437
20130226,23.3463
20130227,23.247
20130228,23.4457
20130301,23.545
20130304,22.5515
20130305,22.8496
20130306,23.7437
20130307,23.396
20130308,23.3463
20130311,22.9489
20130312,19.8459
20130313,19.4939
20130314,20.3299
20130315,20.3299
20130318,19.4939
20130319,19.5819
20130320,20.0219
20130321,20.1099
20130322,20.946
20130325,21.078
20130326,20.814
20130327,20.77
20130328,19.9779
20130329,19.9779
20130401,19.9779
20130402,19.6259
20130403,19.7579
20130408,19.7139
20130409,19.6699
20130410,19.4059
20130411,19.2298
20130412,19.0098
20130415,18.0417
20130416,17.9977
20130417,18.0417
20130418,18.0417
20130419,18.4378
20130422,18.3498
20130423,17.0457
20130424,17.5133
20130425,17.2583
20130426,17.2583
20130502,17.2583
20130503,17.2583
20130506,17.2583
20130507,17.2583
20130508,19.0011
20130509,19.5537
20130510,19.1286
20130513,19.0861
20130514,19.1711
20130515,20.3613
20130516,20.4889
20130517,20.7014
20130520,20.7014
20130521,22.2742
20130522,21.7216
20130523,21.9341
20130524,22.3592
20130527,22.1467
20130528,21.6366
20130529,21.7641
20130530,21.9341
20130531,21.8491
20130603,21.7641
20130604,21.339
20130605,21.3815
20130606,20.8289
20130607,20.4464
20130613,20.8289
20130614,21.424
20130617,21.254
20130618,20.8714
20130619,20.7864
20130620,20.2338
20130621,20.1913
20130624,19.0861
20130625,18.8736
20130626,19.1286
20130627,19.0861
20130628,19.1286
20130701,19.4262
20130702,19.5537
20130703,19.5537
20130704,19.5112
20130705,19.5112
20130708,18.8311
20130709,18.9586
20130710,19.6812
20130711,20.0213
20130712,19.8087
20130715,20.4464
20130716,20.5314
20130717,20.3613
20130718,20.6589
20130719,20.1913
20130722,20.6589
20130723,21.0415
20130724,21.5091
20130725,20.8289
20130726,22.1042
20130729,22.0192
20130730,21.9767
20130731,21.254
20130801,20.999
20130802,20.8714
20130805,20.914
20130806,21.1265
20130807,21.4666
20130808,21.6791
20130809,21.3815
20130812,21.6366
20130813,21.6791
20130814,21.2115
20130815,20.8289
20130816,20.3613
20130819,20.7439
20130820,20.4039
20130821,20.8814
20130822,21.1371
20130823,21.0519
20130826,21.5207
20130827,21.6911
20130828,21.265
20130829,21.0945
20130830,21.3076
20130902,21.0945
20130903,21.5633
20130904,21.4781
20130905,21.4781
20130906,21.6059
20130909,21.7338
20130910,21.819
20130911,21.7764
20130912,21.6059
20130913,21.5633
20130916,21.5207
20130917,21.3502
20130918,21.7338
20130923,21.7764
20130924,22.1173
20130925,22.5434
20130926,22.3304
20130927,22.2451
20130930,22.7991
20131008,23.0548
20131009,23.7367
20131010,23.481
20131011,23.481
20131014,23.2679
20131015,23.4384
20131016,22.8417
20131017,23.3957
20131018,23.3531
20131021,23.6941
20131022,23.7793
20131023,22.7565
20131024,22.373
20131025,22.5008
20131028,22.7565
20131029,22.373
20131030,22.8844
20131031,14.9178
20131101,14.8625
20131104,14.6415
20131105,14.8073
20131106,14.5034
20131107,14.4481
20131108,14.31
20131111,14.31
20131112,14.3376
20131113,14.2548
20131114,14.2824
20131115,14.4205
20131118,14.7244
20131119,14.6691
20131120,14.7796
20131121,14.6415
20131122,14.4758
20131125,14.4205
20131126,14.8902
20131127,14.973
20131128,15.0283
20131129,15.0283
20131202,14.3653
20131203,14.531
20131204,14.6139
20131205,14.6415
20131206,14.4481
20131209,14.4481
20131210,14.4481
20131211,14.2548
20131212,14.2824
20131213,14.1719
20131216,14.3653
20131217,14.1166
20131218,13.8404
20131219,13.5365
20131220,13.3984
20131223,13.3155
20131224,13.2879
20131225,13.3707
20131226,13.1497
20131227,13.7023
20131230,13.5918
20131231,13.647
20140102,13.6746
20140103,13.5089
20140106,13.1497
20140107,13.426
20140108,13.2326
20140109,13.3431
20140110,13.0669
20140113,12.9287
20140114,12.9011
20140115,13.0116
20140116,13.3707
20140117,13.0945
20140120,13.1774
20140121,13.3984
20140122,13.6194
20140123,13.5641
20140124,13.7023
20140127,13.8128
20140128,13.8404
20140129,13.868
20140130,13.647
20140207,13.9785
20140210,14.4205
20140211,14.3376
20140212,15.0835
20140213,14.7796
20140214,14.9454
20140217,15.1664
20140218,14.7796
20140219,14.752
20140220,15.0559
20140221,15.2493
20140224,15.3598
20140225,14.6691
20140226,14.6968
20140227,14.2824
20140228,14.6691
20140303,15.0559
20140304,14.973
20140305,15.0007
20140306,14.8625
20140307,14.6968
20140310,13.9279
20140311,14.5146
20140312,14.4126
20140313,14.5401
20140314,14.1065
20140317,14.8972
20140318,14.7442
20140319,14.8972
20140320,14.9483
20140321,15.0248
20140324,14.9483
20140325,14.8717
20140326,15.0248
20140327,14.6932
20140328,14.285
20140331,14.3871
20140401,14.5911
20140402,14.336
20140403,14.6166
20140404,14.8717
20140408,15.0503
20140409,15.0503
20140410,15.1268
20140411,14.8717
20140414,15.0248
20140415,14.8972
20140416,15.2544
20140417,15.0758
20140418,15.0758
20140421,14.6677
20140422,14.5401
20140423,14.4891
20140424,14.5146
20140425,14.336
20140428,14.4126
20140429,14.7697
20140430,14.2487
20140505,14.2971
20140506,14.2244
20140507,13.9336
20140508,13.8367
20140509,13.7155
20140512,14.176
20140513,14.3456
20140514,14.4183
20140515,14.2244
20140516,14.8545
20140519,13.2551
20140520,13.449
20140521,13.4248
20140522,13.2794
20140523,13.3278
20140526,13.3278
20140527,13.3036
20140528,13.1824
20140529,13.0613
20140530,13.1097
20140603,12.9401
20140604,12.722
20140605,12.7947
20140606,12.9886
20140609,12.8674
20140610,13.0855
20140611,12.9886
20140612,12.8432
20140613,13.0128
20140616,13.5701
20140617,13.764
20140618,13.8367
20140619,14.079
20140620,13.9821
20140623,14.0548
20140624,14.5152
20140625,14.3456
20140626,14.3698
20140627,14.3456
20140630,14.9272
20140701,14.7575
20140702,14.8302
20140703,14.7575
20140704,14.7091
20140707,14.2971
20140708,14.491
20140709,14.2002
20140710,14.176
20140711,14.2971
20140714,14.6364
20140715,14.5152
20140716,14.3698
20140717,14.1033
20140718,14.1033
20140721,14.0063
20140722,14.2487
20140723,14.176
20140724,14.9756
20140725,15.1453
20140728,15.3876
20140729,15.2906
20140730,15.6299
20140731,16.3811
20140801,16.5265
20140804,16.6961
20140805,16.5265
20140806,17.4958
20140807,17.4716
20140808,17.2535
20140811,17.8108
20140812,17.617
20140813,17.5927
20140814,17.6412
20140815,17.8108
20140818,17.6654
20140819,17.3262
20140820,17.3746
20140821,17.1323
20140822,17.1808
20140825,17.0354
20140826,16.6234
20140827,16.575
20140828,15.4
20140829,15.9548
20140901,16.0213
20140902,16.1767
20140903,16.1545
20140904,16.1767
20140905,16.1767
20140909,15.9548
20140910,15.6663
20140911,15.5332
20140912,15.6441
20140915,15.9548
20140916,15.3556
20140917,15.6219
20140918,15.4888
20140919,15.5775
20140922,15.8882
20140923,15.8882
20140924,16.1767
20140925,16.5317
20140926,16.5317
20140929,16.4873
20140930,17.0421
20141008,17.3306
20141009,17.0421
20141010,16.6205
20141013,16.3542
20141014,16.3098
20141015,16.3098
20141016,16.1545
20141017,16.1767
20141020,16.443
20141021,16.0435
20141022,15.7994
20141023,15.5997
20141024,15.5332
20141027,15.6663
20141028,15.9991
20141029,16.1989
20141030,16.1323
20141031,19.1269
20141103,19.3403
20141104,18.8601
20141105,18.8601
20141106,18.7268
20141107,18.5667
20141110,18.7268
20141111,17.7397
20141112,18.1399
20141113,17.8731
20141114,17.9798
20141117,18.1399
20141118,18.1399
20141119,18.1666
20141120,17.9798
20141121,18.0599
20141124,18.3533
20141125,18.7534
20141126,18.7534
20141127,18.8068
20141128,18.9135
20141201,18.7268
20141202,18.9935
20141203,19.0736
20141204,19.5804
20141205,19.3937
20141208,19.3937
20141209,19.6338
20141210,20.6208
20141211,20.7275
20141212,20.5408
20141215,20.354
20141216,20.8875
20141217,20.4341
20141218,20.194
20141219,20.1406
20141222,19.6071
20141223,19.5271
20141224,19.8205
20141225,20.0606
20141226,20.0606
20141229,20.4607
20141230,20.5941
20141231,21.2877
20150105,21.5278
20150106,21.2077
20150107,20.8075
20150108,20.7008
20150109,20.7008
20150112,20.1673
20150113,20.3007
20150114,20.0072
20150115,20.4874
20150116,20.6741
20150119,19.2069
20150120,20.0072
20150121,20.3807
20150122,20.4607
20150123,20.0873
20150126,20.4874
20150127,21.0743
20150128,20.9676
20150129,20.4874
20150130,19.9806
20150202,20.0072
20150203,20.1406
20150204,19.8472
20150205,19.8738
20150206,19.5804
20150209,19.3403
20150210,19.5537
20150211,19.6871
20150212,19.6604
20150213,19.9272
20150216,20.3273
20150217,20.274
20150225,20.354
20150226,20.7008
20150227,20.7275
20150302,20.8875
20150303,20.6741
20150304,21.0743
20150305,21.261
20150306,20.7808
20150309,21.0743
20150310,21.8386
20150311,22.6944
20150312,22.2251
20150313,22.4736
20150316,23.2466
20150317,23.3847
20150318,23.716
20150319,23.6055
20150320,23.7712
20150323,24.1853
20150324,25.5382
20150325,25.3725
20150326,25.4829
20150327,25.124
20150330,25.2069
20150331,24.7927
20150401,25.4001
20150402,25.9523
20150403,26.0903
20150407,27.8573
20150408,27.1119
20150409,26.5597
20150410,27.4432
20150413,28.1334
20150414,27.4432
20150415,26.1456
20150416,26.7529
20150417,26.9738
20150420,26.1179
20150421,26.7806
20150422,27.6088
20150423,28.2162
20150424,28.7132
20150427,28.3543
20150428,27.7193
20150429,28.8236
20150430,28.3496
20150504,28.6831
20150505,27.4046
20150506,26.7375
20150507,25.9315
20150508,26.9877
20150511,27.9049
20150512,27.9049
20150513,29.1834
20150514,29.5169
20150515,28.5719
20150518,29.9616
20150519,30.3785
20150520,30.7676
20150521,31.2123
20150522,31.2401
20150525,33.0745
20150526,34.075
20150527,36.1874
20150528,31.9349
20150529,32.9077
20150601,35.3258
20150602,37.2157
20150603,36.6321
20150604,36.2985
20150605,37.2713
20150608,36.243
20150609,36.91
20150610,38.3831
20150611,37.8272
20150612,39.1613
20150615,39.3558
20150616,36.5765
20150617,37.3269
20150618,35.6593
20150619,32.1017
20150623,32.0183
20150624,32.6298
20150625,31.8238
20150626,28.6553
20150629,26.2372
20150630,28.3218
20150701,25.7925
20150702,23.2355
20150703,20.9008
20150706,20.8175
20150707,18.7329
20150708,17.371
20150709,19.1221
20150710,21.0398
20150713,23.1521
20150714,23.9859
20150715,21.5957
20150716,23.0688
20150717,24.6808
20150720,24.5418
20150721,24.8198
20150722,24.9031
20150723,25.6814
20150724,24.514
20150727,22.0682
20150728,22.1238
20150729,23.3745
20150730,22.6241
20150731,22.6518
20150803,22.2071
20150804,23.9304
20150805,23.6524
20150806,24.0137
20150807,24.514
20150810,25.7092
20150811,25.5702
20150812,24.653
20150813,25.6258
20150814,25.4034
20150817,26.3484
20150818,23.7914
20150819,26.1816
20150820,28.4607
20150821,25.6258
20150824,23.0688
20150825,20.7619
20150826,21.1232
20150827,25.6029
20150828,27.8385
20150831,26.3991
20150901,28.0835
20150902,25.9704
20150907,24.4697
20150908,24.8985
20150909,25.1435
20150910,24.2247
20150911,24.041
20150914,22.7241
20150915,20.4884
20150916,22.5403
20150917,23.7041
20150918,23.8572
20150921,24.2553
20150922,24.531
20150923,23.8572
20150924,24.1022
20150925,22.6322
20150928,23.1222
20150929,22.3872
20150930,22.4484
20151008,23.5203
20151009,23.8266
20151012,25.06
20151013,25.1219
20151014,24.3793
20151015,25.3694
20151016,25.6478
20151019,26.1428
20151020,26.1428
20151021,24.2246
20151022,25.1219
20151023,25.7406
20151026,26.1738
20151027,26.1119
20151028,25.8953
20151029,26.0191
20151030,25.8025
20151102,26.8598
20151103,26.9593
20151104,28.0536
20151105,28.2194
20151106,28.8826
20151109,28.6173
20151110,29.0152
20151111,29.7448
20151112,29.2142
20151113,28.3852
20151116,29.3468
20151117,29.4132
20151118,29.7779
20151119,31.4028
20151120,31.4028
20151123,31.6681
20151124,31.7012
20151125,31.7675
20151126,32.0328
20151127,29.0484
20151130,30.4743
20151201,30.9054
20151202,30.5074
20151203,31.2038
20151204,31.3696
20151207,33.0608
20151208,31.9333
20151209,32.696
20151210,31.5686
20151211,30.9717
20151214,31.3696
20151215,31.6349
20151216,30.9717
20151217,32.4971
20151218,32.2649
20151221,33.3924
20151222,34.4535
20151223,33.8898
20151224,34.6525
20151225,34.7188
20151228,33.0939
20151229,33.6577
20151230,33.7903
20151231,32.7955
20160104,29.5126
20160105,28.4847
20160106,29.181
20160107,26.2629
20160108,26.3956
20160111,24.2402
20160112,24.7707
20160113,23.9417
20160114,24.9034
20160115,24.0412
20160118,24.4391
20160119,25.3676
20160120,25.1023
20160121,24.4723
20160122,24.6712
20160125,25.1686
20160126,23.5769
20160127,24.1738
20160128,24.2733
20160129,25.0692
20160201,25.7655
20160202,26.0971
20160203,25.8982
20160204,25.9976
20160205,25.6992
20160215,26.5282
20160216,27.3241
20160217,27.2577
20160218,26.9593
20160219,27.3904
20160222,27.5893
20160223,27.4567
20160224,27.7883
20160225,25.3344
20160226,26.0971
20160229,25.2018
20160301,25.865
20160302,27.1914
20160303,26.9925
20160304,26.1303
20160307,26.694
20160308,26.7272
20160309,26.1966
20160310,25.5997
20160311,25.5334
20160314,26.0308
20160315,25.7655
20160316,25.5666
20160317,26.1634
20160318,21.4486
20160321,21.7128
20160322,21.8184
20160323,21.792
20160324,21.475
20160325,21.792
20160328,21.7128
20160329,21.4486
20160330,22.0562
20160331,22.109
20160401,21.8713
20160405,22.3731
20160406,22.875
20160407,22.3731
20160408,22.6109
20160411,22.7694
20160412,22.3996
20160413,22.7429
20160414,22.8486
20160415,22.6901
20160418,22.3731
20160419,23.1128
20160420,22.0033
20160421,21.6864
20160422,22.1354
20160425,22.3467
20160426,22.426
20160427,22.2147
20160428,21.5433
20160429,21.5433
20160503,22.3375
20160504,22.139
20160505,22.3375
20160506,21.2703
20160509,21.1462
20160510,20.8484
20160511,20.898
20160512,21.8412
20160513,22.1886
20160516,22.7098
20160517,22.4616
20160518,21.866
20160519,22.9829
20160520,23.0077
20160523,22.9829
20160524,22.9084
20160525,22.2383
20160526,22.4865
20160527,23.2559
20160530,23.0077
20160531,23.8019
20160601,24.0005
20160602,23.2062
20160603,23.1318
20160606,22.9084
20160607,22.9084
20160608,22.7098
20160613,21.4937
20160614,21.5681
20160615,22.2383
20160616,21.9901
20160617,22.139
20160620,22.1886
20160621,21.9901
20160622,22.5361
20160623,22.7347
20160624,22.1638
20160627,22.8091
20160628,23.1318
20160629,23.0325
20160630,23.0077
20160701,22.685
20160704,23.1318
20160705,23.0821
20160706,23.0325
20160707,22.7098
20160708,22.685
20160711,22.6106
20160712,23.3303
20160713,23.4544
20160714,23.3303
20160715,22.958
20160718,22.9332
20160719,22.9829
20160720,22.9332
20160721,22.9829
20160722,22.7843
20160725,23.6778
20160726,23.6778
20160727,22.8836
20160728,23.38
20160729,23.7523
20160801,23.0821
20160802,23.7771
20160803,24.4224
20160804,24.5961
20160805,25.7378
20160808,25.986
20160809,25.9612
20160810,25.3159
20160811,25.1422
20160812,25.167
20160815,25.8867
20160816,25.8371
20160817,26.1846
20160818,25.713
20160819,27.6737
20160822,27.0533
20160823,26.8051
20160824,26.7306
20160825,28.0957
20160826,25.0417
20160829,26.1592
20160830,25.9312
20160831,27.3452
20160901,27.1171
20160902,27.7101
20160905,29.0557
20160906,29.6258
20160907,29.3521
20160908,31.3363
20160909,30.5609
20160912,29.2837
20160913,28.0066
20160914,27.7101
20160919,28.3715
20160920,29.8995
20160921,29.7855
20160922,30.3328
20160923,28.9644
20160926,29.1469
20160927,28.303
20160928,29.6714
20160929,28.8732
20160930,28.2802
20161010,29.3978
20161011,29.8767
20161012,29.8311
20161013,30.1732
20161014,29.5574
20161017,28.782
20161018,30.6293
20161019,30.3328
20161020,30.5609
20161021,32.203
20161024,32.1118
20161025,31.6784
20161026,31.2907
20161027,31.8153
20161028,29.9907
20161031,26.6499
20161101,25.8559
20161102,25.4487
20161103,25.4284
20161104,24.8787
20161107,25.3673
20161108,25.0212
20161109,24.2475
20161110,24.8176
20161111,24.4919
20161114,24.2883
20161115,23.9625
20161116,24.7158
20161117,24.5326
20161118,24.7565
20161121,24.7769
20161122,24.9398
20161123,24.4715
20161124,23.8811
20161125,23.6164
20161128,24.2679
20161129,23.7793
20161130,23.4943
20161201,23.7793
20161202,23.0464
20161205,23.0871
20161206,23.1278
20161207,23.7386
20161208,24.5733
20161209,24.329
20161212,22.4356
20161213,22.8631
20161214,22.0895
20161215,22.1913
20161216,22.1709
20161219,22.0895
20161220,21.9266
20161221,22.3134
20161222,22.6392
20161223,22.7613
20161226,22.9039
20161227,23.1482
20161228,22.7613
20161229,22.3338
20161230,22.3949
20170103,22.3338
20170104,24.5733
20170105,24.329
20170106,23.9014
20170109,23.9014
20170110,23.535
20170111,23.1889
20170112,22.9446
20170113,23.1444
20170116,22.0219
20170117,22.226
20170118,22.4913
20170119,22.2464
20170120,22.9608
20170123,23.1036
20170124,23.1648
20170125,23.4098
20170126,23.124
20170203,22.9608
20170206,24.0833
20170207,24.5527
20170208,24.6956
20170209,24.7772
20170210,25.1854
20170213,25.0221
20170214,25.1038
20170215,24.7364
20170216,25.4711
20170217,24.9813
20170220,25.4099
20170221,25.7365
20170222,25.7773
20170223,25.5732
20170224,25.4099
20170227,24.8384
20170228,25.4507
20170301,25.4711
20170302,25.6548
20170303,26.512
20170306,27.2672
20170307,27.0427
20170308,27.0835
20170309,26.3487
20170310,26.6345
20170313,27.757
20170314,27.308
20170315,27.3284
20170316,27.8795
20170317,26.9406
20170320,26.6345
20170321,27.2672
20170322,27.5325
20170323,26.9406
20170324,27.2263
20170327,27.2468
20170328,26.3283
20170329,26.1242
20170330,26.2059
20170331,25.2709
20170405,26.831
20170406,26.5228
20170407,26.6384
20170410,25.6753
20170411,25.7909
20170412,24.8086
20170413,25.0012
20170414,24.173
20170417,23.6336
20170418,22.9402
20170419,22.6706
20170420,22.8632
20170421,22.555
20170424,21.9194
20170425,22.5165
20170426,22.8054
20170427,23.2099
20170428,23.0173
20170502,20.311
20170503,20.3766
20170504,20.6061
20170505,20.3766
20170508,20.1962
20170509,20.4094
20170510,19.2454
20170511,19.5733
20170512,19.2454
20170515,19.2454
20170516,20.3766
20170517,20.2126
20170518,20.2126
20170519,19.8356
20170522,19.0323
20170523,18.4914
20170524,18.8684
20170525,19.1307
20170526,18.7045
20170531,18.4422
20170601,17.6881
20170602,18.02
20170605,18.1685
20170606,18.2675
20170607,18.7296
20170608,19.0266
20170609,19.0431
20170612,18.2345
20170613,18.6636
20170614,18.7791
20170615,18.8286
20170616,18.35
20170619,18.4985
20170620,18.7461
20170621,18.9606
20170622,18.4325
20170623,18.4325
20170626,19.4722
20170627,19.5052
20170628,19.7032
20170629,20.2972
20170630,20.3854
20170703,20.3194
20170704,20.0551
20170705,20.5506
20170706,20.402
20170707,20.9471
20170710,21.0793
20170711,20.8315
20170712,20.4846
20170713,21.6244
20170714,21.707
20170717,21.294
20170718,22.1531
20170719,23.326
20170720,23.0782
20170721,24.6806
20170724,24.1555
20170725,24.4699
20170726,23.775
20170727,24.9497
20170728,24.6022
20170731,25.3964
20170801,24.9
20170802,23.8081
20170803,23.8246
20170804,22.6499
20170807,22.7658
20170808,22.7327
20170809,23.3945
20170810,22.9478
20170811,22.1371
20170814,23.2952
20170815,23.4441
20170816,23.3614
20170817,23.3283
20170818,23.229
20170821,23.9901
20170822,23.7915
20170823,24.0728
20170824,23.0636
20170825,23.3283
20170828,22.9643
20170829,23.1959
20170830,22.9808
20170831,21.7518
20170901,21.8416
20170904,21.8267
20170905,22.0512
20170906,22.3656
20170907,21.8117
20170908,22.65
20170911,22.9794
20170912,23.159
20170913,22.9644
20170914,22.4105
20170915,22.1859
20170918,23.2339
20170919,22.8746
20170920,23.683
20170921,23.5482
20170922,22.635
20170925,22.0662
20170926,21.8865
20170927,22.3656
20170928,22.5153
20170929,22.966
20171009,23.3256
20171010,23.4005
20171011,22.7563
20171012,23.0709
20171013,22.7114
20171016,22.0222
20171017,22.202
20171018,21.1533
20171019,21.1533
20171020,21.4679
20171023,21.4829
20171024,21.378
20171025,22.0522
20171026,22.1571
20171027,22.0672
20171030,22.0072
20171031,20.9604
20171101,20.9328
20171102,21.333
20171103,20.6568
20171106,22.0367
20171107,22.2989
20171108,22.3403
20171109,22.9336
20171110,23.7478
20171113,23.8029
20171114,24.0789
20171115,22.8922
20171116,23.1544
20171117,22.6576
20171120,23.7616
20171121,24.1617
20171122,22.4507
20171123,21.3882
20171124,20.4084
20171127,20.3394
20171128,20.7396
20171129,20.3256
20171130,20.3808
20171201,20.436
20171204,19.6771
20171205,19.1114
20171206,19.5667
20171207,19.1389
20171208,19.7599
20171211,20.3256
20171212,20.1739
20171213,20.6016
20171214,20.781
20171215,20.2291
20171218,20.5326
20171219,21.0156
20171220,21.8297
20171221,22.4507
20171222,23.0164
20171225,23.0992
20171226,23.4028
20171227,23.044
20171228,24.5067
20171229,23.8491
20180102,25.5348
20180103,25.217
20180104,25.1755
20180105,25.1617
20180108,25.3275
20180109,24.7472
20180110,24.2221
20180111,24.7887
20180112,24.0149
20180115,22.4811
20180116,22.5226
20180117,23.0476
20180118,23.6142
20180119,23.5313
20180122,23.172
20180123,24.2912
20180124,24.5676
20180125,24.2636
20180126,23.5451
20180129,22.5088
20180130,22.2048
20180131,21.5415
20180201,20.8783
20180202,21.5139
20180205,21.7764
20180206,20.2841
20180207,21.127
20180208,22.0251
20180209,21.3757
20180212,21.8179
20180213,22.7989
20180214,22.5502
20180222,22.7989
20180223,22.412
20180226,23.9872
20180227,24.0425
20180228,23.9596
20180301,24.457
20180302,23.5589
20180305,24.3741
20180306,24.4709
20180307,23.5036
20180308,23.6142
20180309,24.3465
20180312,24.761
20180313,24.4018
20180314,24.1392
20180315,24.305
20180316,23.3516
20180319,23.324
20180320,23.1306
20180321,23.1858
20180322,23.0338
20180323,21.6797
20180326,22.3706
20180327,23.02
20180328,22.8119
20180329,23.2595
20180330,24.0939
20180402,24.121
20180403,23.279
20180404,22.6135
20180409,22.2739
20180410,22.5591
20180411,22.3147
20180412,22.2604
20180413,21.8257
20180416,21.9208
20180417,22.0974
20180418,21.5813
20180419,20.8343
20180420,19.286
20180423,18.9193
20180424,19.7613
20180425,19.8021
20180426,18.4121
20180427,18.0753
20180502,18.2296
20180503,18.5244
20180504,18.5103
20180507,18.9454
20180508,19.2401
20180509,19.1418
20180510,19.4365
20180511,18.9594
20180514,19.9838
20180515,20.1663
20180516,20.1803
20180517,20.1803
20180518,20.0961
20180521,20.9381
20180522,21.1065
20180523,20.7838
20180524,20.4891
20180525,19.6611
20180528,19.3576
20180529,19.0523
20180530,18.3805
20180531,18.4213
20180601,17.9327
20180604,18.0549
20180605,18.6044
20180606,19.154
20180607,19.1337
20180608,19.1337
20180611,18.7266
20180612,19.3169
20180613,18.9301
20180614,18.9912
20180615,18.2991
20180619,16.7725
20180620,17.2814
20180621,17.2814
20180622,17.5256
20180625,17.7292
20180626,17.9938
20180627,17.7088
20180628,17.5663
20180629,18.6452
20180702,18.401
20180703,19.1135
20180704,18.8692
20180705,18.7878
20180706,19.3374
20180709,19.5409
20180710,19.6223
20180711,19.2763
20180712,20.0295
20180713,19.948
20180716,20.5383
20180717,20.6401
20180718,21.2508
20180719,20.864
20180720,21.2711
20180723,21.5357
20180724,21.5764
20180725,22.2889
20180726,22.1871
20180727,21.5968
20180730,21.0269
20180731,21.1083
20180801,20.8437
20180802,20.864
20180803,20.233
20180806,20.233
20180807,20.7622
20180808,20.9861
20180809,21.5561
20180810,21.8207
20180813,21.8818
20180814,21.495
20180815,20.9743
20180816,21.4105
20180817,21.5492
20180820,21.3906
20180821,22.1241
20180822,21.5096
20180823,21.8268
20180824,21.6087
20180827,22.8378
20180828,22.7585
20180829,22.7387
20180830,21.8862
20180831,21.688
20180903,21.5096
20180904,21.688
20180905,20.8355
20180906,20.9347
20180907,20.6571
20180910,20.2606
20180911,20.5184
20180912,20.558
20180913,21.0338
20180914,20.7562
20180917,19.9236
20180918,20.3796
20180919,20.4787
20180920,20.4391
20180921,20.6175
20180925,20.1219
20180926,20.7364
20180927,20.5382
20180928,20.8752
20181008,19.4123
20181009,18.7976
20181010,18.9959
20181011,18.0243
20181012,18.5596
20181015,18.3812
20181016,17.8061
20181017,18.2225
20181018,17.9251
20181019,18.5795
20181022,19.5312
20181023,19.5907
20181024,19.1941
20181025,19.4519
20181026,19.3329
20181029,18.3217
20181030,18.2263
20181031,18.6387
20181101,18.5209
20181102,19.2672
20181105,19.3458
20181106,19.1297
20181107,19.3261
20181108,19.0119
20181109,18.7762
20181112,19.3458
20181113,19.2279
20181114,18.678
20181115,18.7958
20181116,18.9726
20181119,18.8744
20181120,18.187
20181121,18.2263
20181122,18.187
20181123,17.7745
20181126,17.5585
20181127,17.6174
20181128,17.912
20181129,17.5781
20181130,17.4799
20181203,18.0298
20181204,18.0888
20181205,18.128
20181206,17.5781
20181207,18.2459
20181210,18.0691
20181211,18.2263
20181212,18.1084
20181213,18.1673
20181214,17.912
20181217,17.9906
20181218,18.3441
20181219,18.6976
20181220,18.6583
20181221,18.7173
20181224,19.1493
20181225,19.6404
20181226,19.6404
20181227,19.9939
20181228,19.7582
20190102,19.66
20190103,19.2083
20190104,19.0708
20190107,20.0724
20190108,19.7582
20190109,19.5029
20190110,19.8368
20190111,19.9153
20190114,19.8957
20190115,20.2099
20190116,20.1903
20190117,19.8564
20190118,20.1314
20190121,20.1706
20190122,19.66
20190123,19.7582
20190124,19.7582
20190125,20.0135
20190128,20.1706
20190129,19.8564
20190130,19.4047
20190131,19.9742
20190201,20.2296
20190211,20.5831
20190212,20.6813
20190213,21.2312
20190214,21.2509
20190215,20.9759
20190218,21.7812
20190219,21.3098
20190220,21.3491
20190221,22.6846
20190222,23.6666
20190225,24.354
20190226,23.5684
20190227,23.1756
20190228,22.9792
20190301,23.2149
20190304,23.5488
20190305,24.0398
20190306,23.5291
20190307,22.7435
20190308,22.5668
20190311,23.5684
20190312,23.4899
20190313,22.7239
20190314,22.6257
20190315,22.5668
20190318,23.1953
20190319,23.5095
20190320,23.3524
20190321,24.5112
20190322,24.8058
20190325,24.2362
20190326,23.5095
20190327,27.4087
20190328,27.7261
20190329,28.0224
20190401,28.6574
20190402,28.086
20190403,27.9801
20190404,27.959
20190408,27.4722
20190409,27.8743
20190410,27.578
20190411,27.832
20190412,27.705
20190415,28.9961
20190416,30.6681
20190417,29.8427
20190418,29.5887
20190419,29.8215
20190422,29.3347
20190423,29.2077
20190424,29.1231
20190425,29.1674
20190426,29.1674
20190429,27.474
20190430,28.0879
20190506,25.3151
20190507,25.7807
20190508,26.2252
20190509,25.6537
20190510,28.2149
20190513,27.6222
20190514,27.2624
20190515,27.4952
20190516,27.0084
20190517,26.7967
20190520,27.1354
20190521,28.5747
20190522,29.6754
20190523,29.1039
20190524,28.0244
20190527,30.0352
20190528,29.5272
20190529,29.4214
20190530,29.4637
20190531,29.9294
20190603,30.1622
20190604,30.7125
20190605,30.1462
20190606,27.3266
20190610,29.0438
20190611,29.9554
20190612,29.595
20190613,29.5314
20190614,29.3618
20190617,28.853
20190618,28.6622
20190619,29.383
20190620,29.7858
20190621,30.8882
20190624,30.3158
20190625,29.9342
20190626,30.8882
20190627,32.6266
20190628,31.9058
20190701,32.4782
20190702,32.5117
20190703,32.8164
20190704,32.3158
20190705,32.8381
20190708,33.2298
20190709,33.034
20190710,32.3158
20190711,32.207
20190712,32.4029
20190715,32.7511
20190716,32.9469
20190717,32.9252
20190718,31.3366
20190719,31.5324
20190722,31.5542
20190723,31.9459
20190724,32.9252
20190725,36.2111
20190726,37.8433
20190729,40.8463
20190730,41.1292
20190731,43.2303
20190801,43.8674
20190802,43.4578
20190805,43.7081
20190806,44.9368
20190807,43.162
20190808,44.2769
20190809,45.5966
20190812,50.1471
20190813,44.6736
20190814,43.4488
20190815,43.1374
20190816,42.7845
20190819,46.4174
20190820,45.8776
20190821,49.4067
20190822,48.0158
20190823,50.6315
20190826,53.3509
20190827,52.0431
20190828,52.3337
20190829,53.8907
20190830,50.5692
20190902,52.4998
20190903,57.0876
20190904,56.0081
20190905,54.5965
20190906,53.2886
20190909,55.0324
20190910,53.3717
20190911,52.6866
20190912,52.7904
20190916,55.2815
20190917,55.6344
20190918,56.4855
20190919,58.3123
20190920,58.7483
20190923,62.2358
20190924,60.928
20190925,58.3746
20190926,57.4612
20190927,57.5235
20190930,51.7732
20191008,51.7317
20191009,53.1848
20191010,54.8041
20191011,57.8141
20191014,58.001
20191015,53.8284
20191016,52.8942
20191017,52.998
20191018,51.7317
20191021,51.2127
20191022,51.6902
20191023,52.479
20191024,51.0882
20191025,51.4618
20191028,55.1154
20191029,53.0811
20191030,42.4895
20191031,41.5478
20191101,43.1173
20191104,44.2991
20191105,44.3176
20191106,42.1387
20191107,41.8986
20191108,41.7694
20191111,41.3816
20191112,42.5449
20191113,42.3603
20191114,43.4497
20191115,42.9512
20191118,41.1969
20191119,41.5293
20191120,41.4
20191121,42.1202
20191122,40.9938
20191125,39.8489
20191126,40.1074
20191127,40.4583
20191128,42.1202
20191129,42.3049
20191202,43.1358
20191203,43.1727
20191204,42.4895
20191205,43.5421
20191206,43.6159
20191209,43.2835
20191210,43.9668
20191211,44.8347
20191212,44.8716
20191213,43.1912
20191216,44.3915
20191217,44.1514
20191218,43.025
20191219,41.4924
20191220,40.9938
20191223,38.2239
20191224,38.4825
20191225,38.8148
20191226,38.8887
20191227,38.3532
20191230,38.187
20191231,38.6302
20200102,41.9909
20200103,42.1017
20200106,43.3574
20200107,43.025
20200108,41.5662
20200109,42.471
20200110,42.6557
