high,low,price,vol,tradeAmount,date
12.7024,11.8135,12.3868,6560835.7,9700711.8396,20150105
12.4532,11.6723,11.9298,3346346.83,4839615.9825,20150106
12.0461,11.6308,11.8218,2642051.33,3772150.8188,20150107
11.9381,11.1821,11.2901,2639394.18,3629554.2358,20150108
11.8135,11.0409,11.1738,3294584.3,4521978.4332,20150109
11.0658,10.5923,10.8997,2436341.36,3180962.9812,20150112
11.1157,10.7751,10.8581,1664610.33,2187988.118,20150113
11.0492,10.692,10.8831,1646818.02,2160267.868,20150114
11.4895,10.8,11.4397,2429686.64,3265535.9003,20150115
11.4397,11.124,11.232,2129475.97,2892247.3124,20150116
10.7169,10.1105,10.1105,3603625.65,4483884.6483,20150119
10.4677,10.0191,10.26,2914688.79,3604938.3083,20150120
10.9661,10.0523,10.8415,3555294.15,4554004.0529,20150121
11.34,10.7335,11.2818,3224727.24,4326297.783,20150122
11.7055,11.0492,11.5643,3310408.58,4561752.4991,20150123
11.6308,11.1655,11.3815,2162685.29,2957275.79,20150126
11.3981,10.6837,10.9495,2804018.4,3704808.9991,20150127
11.0243,10.7003,10.8,1561743.24,2035823.3859,20150128
10.9412,10.4843,10.8083,1468303.14,1903301.5535,20150129
11.2071,10.6338,10.8997,2096247.06,2753102.0122,20150130
11.124,10.368,10.7003,1976760.82,2560710.6371,20150202
10.908,10.2185,10.7668,2936871.63,3721989.1363,20150203
10.9329,10.6089,10.6338,1660872.04,2153610.3234,20150204
11.2403,10.5341,10.5508,3160360.59,4154456.4916,20150205
10.4843,9.9526,10.1021,3163186.43,3875290.9383,20150206
10.2434,9.7532,10.1188,1278024.05,1545255.5457,20150209
10.3597,10.0108,10.3181,1077456.46,1331390.4801,20150210
10.5009,10.2517,10.3098,878329.23,1095982.2724,20150211
10.4261,10.1354,10.3597,895267.28,1109421.1185,20150212
10.8083,10.2434,10.6006,1968043.27,2503342.4118,20150213
10.6006,10.4095,10.5009,1308144.81,1650830.6477,20150216
10.6588,10.4843,10.6089,1198783.1,1525915.1226,20150217
10.6089,10.2434,10.3015,1498051.83,1867537.0604,20150225
10.6754,10.26,10.6754,1733762.73,2189347.8708,20150226
10.7751,10.5425,10.5923,1246318.61,1594683.0382,20150227
10.8831,10.4926,10.6089,3225633.94,4151867.6069,20150302
10.4926,10.1021,10.1354,2365535.41,2928813.4176,20150303
10.2849,10.0025,10.152,1647137.63,2005295.6792,20150304
10.1021,9.8114,9.8861,1793786.93,2147302.3774,20150305
10.0772,9.8695,9.9194,1105036.84,1324128.2765,20150306
10.2683,9.5788,10.152,2044228.96,2433768.3573,20150309
10.1021,9.9443,9.9858,1077109.86,1297837.4703,20150310
10.1354,9.8612,9.9111,1153733.66,1388717.7423,20150311
10.2101,9.936,10.152,1818728.52,2208554.3862,20150312
10.3015,10.1021,10.1603,1334069.73,1637333.046,20150313
10.4095,10.1852,10.3763,1753781.83,2175852.2204,20150316
10.584,10.3929,10.4926,2128349.13,2687890.5425,20150317
10.9661,10.5092,10.9163,2895467.76,3741534.0093,20150318
10.8665,10.6006,10.692,2129788.91,2747447.1235,20150319
11.0908,10.6172,10.9163,3494016.17,4561069.4816,20150320
11.34,11.016,11.0991,3313611.97,4458518.4789,20150323
11.1157,10.6837,10.8415,2656169.43,3473050.2347,20150324
10.8332,10.5425,10.6172,2073761.23,2661617.3317,20150325
10.8415,10.4428,10.7585,2090007.74,2680422.9827,20150326
11.0908,10.8166,11.0908,3441589.89,4549707.3387,20150327
12.0295,10.9495,11.8301,6361647.86,8775743.8574,20150330
12.4366,11.34,11.4812,7481473.7,10756474.8354,20150331
11.5145,11.1905,11.3981,3758034.67,5137432.5275,20150401
11.5643,11.1572,11.2901,3199246.38,4366632.7626,20150402
11.1988,10.9578,11.1738,3565631.88,4752984.9182,20150403
11.4065,11.1074,11.3981,3753195.04,5085149.5072,20150407
11.5643,11.1406,11.4812,4489815.16,6141003.0579,20150408
12.312,11.2237,12.1624,7171546.62,10099959.939,20150409
12.0212,11.6889,11.8966,4248942.1,6067355.188,20150410
12.1458,11.8135,11.9381,4074305.46,5872259.6219,20150413
12.0129,11.6308,11.7304,3276759.89,4665719.5705,20150414
11.7803,11.4729,11.5477,2784022.59,3903055.5746,20150415
11.88,11.4397,11.88,3346233.3,4722539.6898,20150416
12.3951,11.8883,12.1874,5846092.75,8532838.4518,20150417
12.5446,11.7886,11.8052,5933164.79,8718400.379,20150420
12.0877,11.6474,12.0295,3743243.13,5334591.2033,20150421
12.3951,11.9714,12.3618,4468763.01,6569892.9923,20150422
12.6692,12.1708,12.2621,4717331.24,7047246.1693,20150423
12.2123,11.7554,11.9797,3620661.89,5206488.3035,20150424
12.2123,11.88,12.2123,4225620.29,6143012.5844,20150427
12.1791,11.7221,11.7886,3866039.04,5550367.9155,20150428
11.988,11.5726,11.8301,2773328.99,3925805.2551,20150429
12.4034,11.8052,12.1292,5411486.26,7892159.6799,20150430
12.2871,11.9631,12.0877,3091768.05,4513107.9704,20150504
12.1541,11.3151,11.4397,3285524.31,4628568.7971,20150505
11.6723,11.1406,11.2652,2521719.03,3476236.2439,20150506
11.448,11.1988,11.3068,1754222.81,2387227.4793,20150507
11.4729,11.1905,11.4646,1978575.05,2706847.3572,20150508
11.7138,11.4729,11.6889,3653074.74,5107136.0847,20150511
11.664,11.4895,11.5643,2547328.0,3543629.4496,20150512
12.3951,11.4065,12.2123,5805461.14,8257166.2804,20150513
12.96,12.0711,12.1209,7786253.42,11720036.7951,20150514
12.2788,11.6224,11.7637,3391408.15,4843094.8292,20150515
11.6224,11.3815,11.4978,2365271.11,3275761.8577,20150518
11.8468,11.4646,11.7637,2581797.81,3640508.0872,20150519
11.9464,11.6141,11.6723,3055941.0,4322772.3374,20150520
11.88,11.556,11.7554,2540510.24,3572892.5931,20150521
12.1126,11.7554,12.0378,3801245.17,5470598.2562,20150522
12.5695,12.0711,12.4781,4465669.98,6625081.0573,20150525
13.1843,12.3452,13.1012,6561485.78,10057211.999,20150526
13.1677,12.7689,12.7938,4124448.62,6427563.9594,20150527
12.9932,11.6391,11.9215,4503202.31,6732346.8085,20150528
12.0877,11.6141,11.9215,2845316.61,4071572.244,20150529
12.4117,11.8384,12.3618,3100399.74,4532477.5749,20150601
12.4698,12.0877,12.2954,2678691.31,3954750.2011,20150602
12.6111,12.0877,12.5031,3013718.13,4465194.9804,20150603
12.7523,11.7388,12.4532,3752068.2,5585001.882,20150604
13.0846,12.4698,12.9351,5641505.79,8655397.3797,20150605
13.4751,12.852,13.3588,5849615.57,9285127.8729,20150608
13.5,12.8686,13.0098,4257386.67,6743274.9585,20150609
13.0846,12.7523,12.8935,2829564.05,4409969.6322,20150610
12.8935,12.5861,12.7274,2317570.26,3547349.9047,20150611
13.0098,12.7108,12.8603,2467936.68,3820543.4206,20150612
12.8769,12.3868,12.42,2741810.57,4150648.4998,20150615
12.4034,11.8468,11.9464,2668429.14,3899464.6244,20150616
12.1292,11.7138,12.1126,2186123.78,3142743.9884,20150617
12.312,11.7554,11.7803,2625411.35,3811569.2669,20150618
11.8052,11.2154,11.2569,2185683.84,3036824.6589,20150619
11.88,11.2237,11.8551,2776475.12,3861090.6337,20150623
11.9714,11.6889,11.9464,2161884.59,3084495.9495,20150624
12.2621,11.7637,11.7969,2544738.43,3689837.1707,20150625
11.8384,10.6338,11.1572,3070641.41,4166709.642,20150626
11.88,10.7003,11.3732,4207973.6,5808029.0266,20150629
12.1458,11.2985,12.0628,4092262.36,5798870.7038,20150630
12.2289,11.7554,11.8384,2892502.99,4193856.4808,20150701
11.988,10.9163,11.8052,3349160.85,4662117.7881,20150702
11.8384,10.9661,11.3815,3154673.26,4345388.4538,20150703
12.5197,11.5477,12.3618,6165474.08,8948479.182,20150706
12.5031,11.7637,12.0794,4650930.34,6771616.053,20150707
11.7055,10.8748,11.016,7170862.08,9505576.5285,20150708
12.1209,10.6421,12.0877,6070451.4,8507280.5894,20150709
13.1428,11.6308,12.4366,9107701.67,13818804.6203,20150710
12.8686,11.8468,12.5446,4687954.96,6994645.4529,20150713
12.4034,11.9714,12.0877,2779623.47,4080586.9243,20150714
12.5529,11.8468,12.2206,2683554.64,3950255.7056,20150715
12.3618,11.988,12.2123,1777245.98,2610989.5755,20150716
12.636,12.1458,12.5197,2552673.15,3797814.6685,20150717
12.7772,12.2954,12.7523,2961502.38,4477266.0249,20150720
12.6836,12.4517,12.4603,1957817.88,2867111.5503,20150721
12.6664,12.1082,12.6234,2342343.93,3368836.8177,20150722
13.0786,12.4173,13.0185,3373487.59,5050036.0501,20150723
13.7398,12.9669,13.2332,4654227.14,7251860.2511,20150724
13.7055,11.9794,12.1941,3127221.1,4729532.5245,20150727
12.7093,11.8162,12.5547,2836192.53,4072799.0367,20150728
12.6664,12.3229,12.5376,1641064.99,2380501.1647,20150729
12.5805,12.091,12.091,1243463.75,1791243.812,20150730
12.2284,11.9279,12.1769,1227839.5,1729786.3041,20150731
12.5547,11.988,12.5462,1539136.6,2204306.5972,20150803
12.8639,12.4775,12.7007,808632.09,1187891.1589,20150804
12.6664,12.3658,12.4088,761177.03,1106443.2481,20150805
12.5633,12.1426,12.3143,509536.91,733682.8304,20150806
12.632,12.3487,12.5376,866518.91,1264587.9017,20150807
13.0356,12.4775,12.9412,1686307.47,2502184.704,20150810
13.6797,12.7437,13.3705,2567401.81,3972851.8857,20150811
13.1902,12.7351,12.821,1445252.35,2177932.9054,20150812
12.9326,12.4946,12.778,1163208.56,1722429.9438,20150813
13.1301,12.7179,12.8381,1494006.95,2241605.9225,20150814
12.7265,12.5118,12.675,1273262.71,1869624.458,20150817
12.7866,12.1082,12.2113,1478446.54,2153134.8093,20150818
12.486,12.0481,12.4517,999341.49,1430580.8133,20150819
12.4088,12.2113,12.2628,842493.86,1208966.057,20150820
12.3487,11.8935,11.945,1379281.7,1938895.3592,20150821
11.7475,11.0605,11.3268,3419757.24,4519423.9858,20150824
11.5243,10.7686,11.1636,2750628.01,3615036.352,20150825
11.8678,11.2065,11.3783,2346846.5,3142741.315,20150826
11.7475,10.8201,11.3182,1533563.27,1996706.3768,20150827
11.7475,11.1979,11.6617,1374186.69,1828208.0362,20150828
11.8506,11.3353,11.8506,1434213.72,1932161.6699,20150831
12.2456,11.3869,12.2198,1950730.23,2707269.0617,20150901
12.3057,11.5672,12.2113,2294696.23,3218100.5328,20150902
12.4517,11.593,11.6788,1400581.09,1951782.7214,20150907
11.7475,11.4212,11.7475,651811.13,880009.9257,20150908
12.0567,11.6702,11.8162,834576.92,1150245.2644,20150909
11.842,11.6015,11.6273,417768.19,569659.4241,20150910
11.7389,11.5071,11.5672,313452.74,424400.2224,20150911
11.6273,11.3096,11.3268,568116.97,755029.6335,20150914
11.4126,11.0777,11.1808,476738.75,623857.2493,20150915
11.7218,11.0863,11.5328,707855.53,938469.0637,20150916
11.4985,11.2495,11.2495,612529.61,812205.515,20150917
11.3268,11.1979,11.2666,344571.48,452012.0297,20150918
11.3353,11.2151,11.3182,471720.75,620313.0318,20150921
11.4642,11.3182,11.3869,451240.48,598058.332,20150922
11.3869,11.2495,11.2924,320597.31,422422.5267,20150923
11.3439,11.2065,11.2409,443596.99,581284.1616,20150924
11.2409,11.0348,11.0777,442280.17,573792.7728,20150925
11.155,10.9747,11.0348,412656.86,530321.0883,20150928
10.9833,10.7514,10.8201,597878.53,757134.5861,20150929
11.0004,10.7943,10.9317,489518.62,619877.2056,20150930
11.4384,11.1894,11.2237,820862.35,1079570.3506,20151008
11.404,11.2237,11.3611,634505.0,835874.0548,20151009
11.7132,11.3439,11.5758,784171.53,1053773.0595,20151012
11.6445,11.4642,11.5672,568893.46,766321.053,20151013
11.5672,11.3783,11.404,544904.67,726780.3858,20151014
11.6445,11.404,11.6101,438053.9,588366.358,20151015
11.8076,11.6101,11.7218,506452.91,690108.1386,20151016
11.7647,11.5071,11.6187,574487.92,775820.7409,20151019
11.7218,11.5243,11.6359,407246.37,550221.1469,20151020
11.6874,11.3353,11.3611,558005.09,750692.8148,20151021
11.5071,11.3096,11.4642,452334.18,602537.139,20151022
11.8506,11.4298,11.7991,675645.69,919824.0515,20151023
11.9966,11.6617,11.7389,780360.45,1073356.6725,20151026
11.7819,11.4384,11.7561,344633.02,468109.4106,20151027
11.8763,11.7304,11.7304,344164.9,472561.6454,20151028
11.7905,11.6273,11.696,278917.76,380269.9227,20151029
11.8076,11.6788,11.7389,298317.92,407329.918,20151030
11.7389,11.6273,11.6445,328989.35,447194.3793,20151102
11.7647,11.6273,11.7304,297604.21,406129.0334,20151103
12.1082,11.6874,12.091,768654.44,1071494.1526,20151104
12.5204,11.9794,12.1254,923180.52,1316863.7579,20151105
12.2885,12.0739,12.2027,501764.57,710839.3682,20151106
12.5891,12.1769,12.3658,830505.01,1202251.924,20151109
12.3401,12.1941,12.2542,524600.45,749031.9089,20151110
12.2971,12.1082,12.1683,578612.55,822609.3092,20151111
12.237,12.0309,12.0996,534850.66,755530.6772,20151112
12.0653,11.8763,11.9365,383628.08,534644.203,20151113
12.0223,11.7733,12.0223,320707.08,445294.0963,20151116
12.28,11.9365,12.0223,651299.51,918176.2724,20151117
13.1129,12.0309,12.5977,1753443.74,2576146.3066,20151118
12.5376,12.1769,12.4517,886044.41,1272044.2444,20151119
12.6406,12.3401,12.4431,732482.95,1064007.0011,20151120
12.5719,12.2971,12.3401,629288.1,911464.9076,20151123
12.4946,12.1426,12.4517,745686.58,1068471.9801,20151124
12.6406,12.3572,12.5032,581818.63,848024.6591,20151125
12.5547,12.4259,12.4517,383748.22,558000.8154,20151126
12.5805,12.2284,12.2456,888155.58,1286416.5869,20151127
13.0958,12.2628,12.9412,2020009.99,3029921.8054,20151130
14.2379,12.821,14.2379,3750163.7,6042685.1845,20151201
15.6634,14.2035,15.6634,6389886.13,11337757.0571,20151202
16.5994,15.526,16.4448,4771236.37,8914671.5143,20151203
17.0374,15.9725,16.2988,3768009.49,7225322.0609,20151204
16.2988,15.1739,15.4745,2255719.38,4100197.2098,20151207
15.5174,14.942,15.2598,1529886.06,2702009.0484,20151208
16.7883,15.2941,16.7883,3598519.73,6732052.6427,20151209
18.3426,16.3332,16.7797,3067374.66,6153428.1905,20151210
17.4667,16.1271,17.0889,2035008.42,3998320.2248,20151211
17.587,16.3246,17.2435,1392194.06,2747638.826,20151214
18.4285,16.8313,18.1022,1673876.32,3487966.8282,20151215
18.0249,17.1833,17.3379,1185363.96,2410648.6991,20151216
19.0726,17.4753,19.0726,2583392.65,5616476.774,20151217
20.979,18.6003,20.979,2238984.02,5288950.848,20151218
18.8836,18.8836,18.8836,42663.0,93815.937,20160704
16.9944,16.9944,16.9944,1990576.0,3939349.904,20160705
17.8446,16.4019,17.003,10283727.12,20106488.5828,20160706
16.5049,16.067,16.1614,4300225.52,8133977.7665,20160707
16.2988,15.6376,16.1013,3124436.98,5799513.3342,20160708
16.0498,15.6548,15.6891,2412151.18,4444566.7709,20160711
15.8265,15.0794,15.5603,3064821.37,5520900.7501,20160712
15.8781,15.3285,15.7321,2543261.66,4619086.2206,20160713
15.6119,15.3886,15.4229,1675569.29,3019075.0203,20160714
15.5002,15.3371,15.3628,1082550.98,1941771.6591,20160715
15.3199,14.9592,14.9678,1560004.37,2740431.5158,20160718
14.9335,14.6329,14.693,1627752.09,2792105.6207,20160719
14.9592,14.3753,14.6672,2304922.42,3931445.2593,20160720
14.7617,14.4783,14.6157,1444706.45,2455521.9575,20160721
15.1052,14.7102,14.9335,2339709.28,4069504.5885,20160722
15.2769,14.5298,15.1997,2354339.19,4116947.089,20160725
15.3113,15.0451,15.2684,1493196.56,2647747.9598,20160726
15.3113,14.5213,14.9592,1476486.26,2573919.2556,20160727
15.3972,14.7789,15.3886,1507462.67,2662314.493,20160728
15.5228,15.0397,15.3349,1986861.35,3398190.5981,20160729
15.4691,15.1202,15.3617,1273062.09,2180111.0172,20160801
15.8359,15.2723,15.7554,1604209.56,2808125.318,20160802
16.0775,15.648,15.997,1515550.97,2701874.0683,20160803
17.5985,15.7465,17.5985,3713465.82,6982599.1917,20160804
19.352,17.8579,18.7437,3800722.65,7864094.9971,20160805
20.533,18.3858,19.5668,3673389.01,8068063.9809,20160808
19.9425,18.9226,19.6562,2146892.95,4681283.1797,20160809
19.5757,18.7884,18.9673,2063233.84,4418914.1683,20160810
19.1194,18.4663,18.5289,1580387.96,3304482.7133,20160811
20.3809,18.3589,20.3809,3748708.62,8174350.6376,20160812
22.4208,20.9446,22.4208,3231106.3,7854928.0298,20160815
24.6665,23.3602,24.6665,3334780.58,9013552.3924,20160816
24.5502,22.6892,23.1276,3054820.59,8050574.1283,20160817
24.7649,21.9287,22.886,4133752.08,10758881.3949,20160818
22.6534,21.9287,22.0003,2069911.63,5134726.3975,20160819
22.8682,21.8661,22.0987,1792252.92,4483677.7776,20160822
22.6176,21.3203,22.0987,1694763.22,4163383.509,20160823
22.224,21.2488,21.4635,1470675.59,3561540.3416,20160824
21.4188,20.3183,21.0609,1821374.91,4234198.6274,20160825
21.1056,20.4704,20.4793,1200024.09,2780659.1636,20160826
20.8014,20.3541,20.4972,782446.19,1796320.5463,20160829
20.6314,20.1751,20.2736,909262.53,2072873.2502,20160830
22.3045,20.2199,22.3045,2383125.74,5748581.0716,20160831
22.3761,20.7477,20.9714,2565603.4,6157514.3483,20160901
22.0093,20.5867,21.2667,1925079.13,4624433.2197,20160902
21.1861,20.6672,20.9714,1028879.58,2405528.9427,20160905
21.1682,20.5778,20.8641,982128.51,2280789.5072,20160906
21.0609,20.6672,20.8193,794539.34,1853115.0724,20160907
21.875,20.6941,21.1325,1424683.9,3392089.2663,20160908
21.1056,20.5867,20.7299,884296.77,2050212.2762,20160909
21.4456,20.1304,21.0251,1379745.64,3205460.9686,20160912
21.1861,20.7567,21.0967,887418.09,2080192.6488,20160913
21.2935,20.873,21.0967,785574.76,1852710.858,20160914
21.4724,21.034,21.1414,586837.88,1389733.0654,20160919
21.1951,20.7835,21.1325,625656.62,1469696.5035,20160920
22.0271,20.9446,22.0271,2227502.09,5345198.4924,20160921
24.2281,21.8393,24.1565,3567456.79,9350015.3552,20160922
23.7539,22.5819,22.7966,1978383.72,5106198.4838,20160923
22.6803,21.8303,22.0808,1324173.39,3272364.9422,20160926
22.9845,21.9287,22.4924,1553417.9,3918881.0407,20160927
23.6018,21.7677,23.0829,1564090.6,3989436.8918,20160928
23.5302,22.7071,23.2529,1282985.86,3327400.6228,20160929
24.5591,23.0918,23.4139,1358410.6,3600469.9449,20160930
23.2439,22.0629,23.235,1435511.83,3634603.7374,20161010
24.5233,22.8682,23.4676,1507286.16,4017712.9126,20161011
23.8613,22.9308,23.7986,877754.0,2296506.6116,20161012
24.3354,23.5302,23.9865,1015574.33,2715384.5351,20161013
24.3802,23.8165,24.0133,915143.22,2462592.8054,20161014
23.9328,23.0202,23.2618,929151.34,2440490.098,20161017
23.3781,22.8234,23.2618,641773.55,1659245.636,20161018
23.6913,23.0739,23.1097,604605.44,1573933.0513,20161019
23.8791,22.8234,23.2081,892419.35,2334841.6491,20161020
23.1544,22.5103,22.5908,818705.76,2081832.7941,20161021
22.7697,22.3761,22.5819,533196.35,1346250.3122,20161024
22.6713,22.1882,22.3761,711492.09,1779390.5639,20161025
22.5908,22.2598,22.5192,583825.53,1463092.4584,20161026
22.4298,22.0987,22.1613,436479.95,1082761.831,20161027
22.5908,21.9198,22.1435,631412.99,1568803.2739,20161028
22.8145,21.9287,22.2956,548274.1,1374214.247,20161031
23.3513,22.4208,23.0739,1358772.07,3476301.172,20161101
22.9666,22.2777,22.2777,1017361.08,2554448.189,20161102
22.5371,22.1077,22.2508,519229.97,1295407.81,20161103
22.3671,21.884,22.0003,582099.22,1434751.172,20161104
21.9914,21.4993,21.6156,419893.56,1016201.716,20161107
21.9108,21.6066,21.6693,290066.09,703588.903,20161108
23.8344,21.7856,23.5302,4017161.39,10484546.503,20161109
25.3017,22.886,23.7628,2430300.35,6611047.611,20161110
23.9507,22.9934,23.2529,958462.8,2495707.51,20161111
23.4855,22.6445,22.9934,878780.21,2254786.426,20161114
24.8722,22.7787,24.1028,1485885.73,3965893.663,20161115
24.3533,23.3423,23.8702,827117.36,2204526.908,20161116
24.1565,23.5392,24.1565,595134.04,1591480.642,20161117
25.9459,24.6128,24.8007,1503164.88,4252381.23,20161118
25.2749,23.2708,24.5144,1390655.1,3795901.12,20161121
24.5323,24.067,24.4249,530389.88,1441172.538,20161122
25.1138,24.1386,24.3533,740906.83,2029094.56,20161123
24.3265,23.8881,24.0939,412246.39,1109119.614,20161124
24.6933,23.897,24.3354,645946.59,1759275.499,20161125
24.5323,22.7966,23.6018,1255939.15,3329673.914,20161128
23.736,23.1723,23.405,780600.59,2049384.794,20161129
25.0422,23.9507,24.1386,1193183.81,3258833.18,20161130
24.4249,23.5302,24.1297,950170.59,2546519.579,20161201
24.0223,23.5928,23.6644,515729.72,1367269.531,20161202
23.2439,22.2419,22.8145,689063.36,1757025.448,20161205
22.9308,22.5013,22.7071,356455.41,903470.472,20161206
22.6982,21.6335,22.4924,494623.89,1230395.717,20161207
22.4834,22.0987,22.1345,380550.84,944277.034,20161208
22.5192,21.8035,22.1971,481680.45,1193735.856,20161209
22.1703,20.6404,20.8104,789019.45,1865280.414,20161212
20.8283,19.5578,20.6314,484500.98,1098531.81,20161213
20.4883,19.862,19.9425,412814.57,931538.268,20161214
20.2378,19.5757,19.9783,355628.67,792479.117,20161215
20.3541,19.7904,20.0946,293976.18,660797.24,20161216
19.6831,18.8242,18.8779,700484.97,1497453.235,20161219
18.7884,18.0279,18.1889,719065.42,1473706.467,20161220
18.52,18.0726,18.3232,531304.09,1085459.325,20161221
18.5826,17.9832,18.4395,499717.24,1023481.829,20161222
18.4931,18.1174,18.1621,324359.08,662932.535,20161223
18.511,18.0011,18.4752,378124.79,776896.919,20161226
19.6652,18.4216,19.1642,743305.48,1584454.683,20161227
19.2178,18.7973,18.9673,321517.32,682434.427,20161228
19.0747,18.52,18.6452,322046.01,673979.866,20161229
18.7526,18.2963,18.3858,261150.0,539245.59,20161230
18.681,18.3858,18.5468,217016.69,449757.486,20170103
18.7437,18.2963,18.6542,331554.8,686745.321,20170104
18.9942,18.5916,18.7258,310125.63,651486.106,20170105
18.8242,18.4395,18.4663,235919.54,489032.727,20170106
18.5647,18.3679,18.4842,150954.45,311673.794,20170109
18.511,18.3589,18.4126,159171.48,327766.881,20170110
18.4574,18.2516,18.2516,168652.2,345421.493,20170111
20.0409,18.6989,19.5131,1064266.41,2322228.972,20170113
19.5131,18.1711,18.7884,553240.12,1157108.331,20170116
18.7526,18.2426,18.6094,321040.4,663297.417,20170117
18.9494,18.3679,18.7168,324772.25,679288.497,20170118
18.681,18.3858,18.4305,216888.06,448815.811,20170119
18.6363,18.3768,18.5021,215053.11,444921.456,20170120
18.6542,18.52,18.5558,156373.06,324581.611,20170123
18.6094,18.4752,18.511,159318.4,330140.44,20170124
18.5468,18.3589,18.4395,154647.46,319264.481,20170125
18.5826,18.4752,18.5021,141248.23,292423.712,20170126
18.6005,18.4663,18.5021,108926.58,225512.789,20170203
18.5558,18.4305,18.5289,141028.06,291578.994,20170206
18.6273,18.3947,18.4663,174076.61,359724.229,20170207
18.5289,18.341,18.511,180081.68,371268.086,20170208
19.1015,18.5021,18.6094,679248.7,1419378.674,20170209
18.5916,18.4037,18.4842,334926.07,691827.768,20170210
18.6542,18.4216,18.5826,285171.5,589942.589,20170213
18.7705,18.52,18.7079,369763.69,771567.66,20170214
18.6989,18.4842,18.4931,287322.57,595809.502,20170215
18.5737,18.4216,18.5021,171054.5,353048.701,20170216
18.5021,18.3589,18.3768,198142.07,407777.722,20170217
18.5468,18.3589,18.4395,247483.49,510716.894,20170220
18.7705,18.4574,18.7705,536856.7,1120699.39,20170221
18.7437,18.6005,18.6989,225366.08,470272.735,20170222
18.7705,18.5379,18.6005,191637.66,398327.271,20170223
18.5826,18.4484,18.5379,217539.89,449771.425,20170224
18.4574,18.3232,18.3589,293446.57,602503.177,20170227
18.4216,18.3142,18.3679,159762.21,327716.631,20170228
18.4216,18.3321,18.341,250601.19,514166.299,20170301
18.3768,18.1889,18.1979,222827.0,454426.641,20170302
18.2247,18.0011,18.0726,170260.59,344069.857,20170303
18.2426,18.019,18.0905,276336.98,559074.363,20170306
18.1532,18.0547,18.1263,181572.23,367187.321,20170307
18.6542,18.1263,18.5379,657862.44,1358826.2,20170308
18.5468,18.2068,18.35,246039.11,504798.751,20170309
18.5647,18.3589,18.4305,236308.45,488181.187,20170310
18.681,18.35,18.5289,419235.14,869278.704,20170313
20.0409,18.5379,19.2984,1209940.29,2610434.158,20170314
19.2984,18.7884,19.0478,506426.69,1077880.888,20170315
19.3968,18.9047,19.03,516623.92,1101853.842,20170316
19.9336,19.2357,19.2715,789146.55,1719091.622,20170317
19.2268,18.6542,18.9047,555865.13,1170268.058,20170320
19.0926,18.6273,18.9494,288242.96,608369.916,20170321
18.9405,18.7437,18.851,243581.36,512675.946,20170322
19.6025,18.7526,19.191,534906.34,1144906.753,20170323
19.4057,19.0568,19.2268,384483.42,825818.867,20170324
19.3252,18.8779,18.9673,394654.74,842704.878,20170327
19.1731,18.8063,19.03,258551.77,548747.228,20170328
19.0478,18.7884,18.7973,231035.6,487586.662,20170329
18.8421,18.3232,18.3679,317640.4,656689.639,20170330
18.4663,18.35,18.4126,153297.08,315290.025,20170331
18.7884,18.3858,18.4126,851996.75,1758702.694,20170405
18.6542,18.4126,18.6005,533712.94,1105684.881,20170406
18.7079,18.4931,18.6094,313906.35,652368.859,20170407
18.5647,18.35,18.4305,274599.4,565963.441,20170410
18.52,18.0726,18.52,458860.18,938204.314,20170411
19.2984,18.52,18.8063,645855.36,1363421.134,20170412
18.9226,18.5379,18.7347,269101.39,562839.616,20170413
18.7168,18.4305,18.4663,218505.97,452007.097,20170414
18.4663,18.2247,18.3947,163623.63,335002.734,20170417
18.4752,18.3053,18.3142,135988.82,279288.149,20170418
18.4484,18.1621,18.3679,196327.59,401696.831,20170419
18.5647,18.341,18.4574,248213.78,512035.281,20170420
18.5647,18.3858,18.5021,208444.57,430650.189,20170421
18.511,18.1711,18.2784,180092.95,368489.23,20170424
18.4574,18.2516,18.3858,136163.42,279061.574,20170425
18.3679,18.1979,18.2158,186192.9,379882.399,20170426
18.1889,16.999,17.679,519118.45,1018995.251,20170427
17.4911,17.1153,17.4464,357431.15,690773.486,20170428
17.33,17.0885,17.178,184423.67,353863.949,20170502
17.2227,16.8469,16.8738,269266.11,511549.326,20170503
17.169,16.9095,17.0169,178467.05,340627.391,20170504
17.0616,16.829,16.9006,116550.82,220659.844,20170505
16.9632,16.498,16.5248,183996.14,341697.835,20170508
16.7127,16.3906,16.659,123564.22,229217.675,20170509
16.8559,16.659,16.7038,156075.22,292340.815,20170510
17.3569,16.5517,17.2137,347254.93,661591.578,20170511
17.4016,16.9364,17.3569,222193.76,426308.513,20170512
17.4195,17.2406,17.3032,122093.25,236414.786,20170515
17.2764,16.8827,17.2048,189232.8,360407.234,20170516
17.1601,17.008,17.1243,139247.57,265877.522,20170517
17.1064,16.9722,17.0348,104260.53,198884.858,20170518
17.169,17.0169,17.1511,102373.29,195769.345,20170519
17.1511,16.8559,17.0616,147292.87,280016.352,20170522
17.2674,16.9274,17.2048,202716.37,387974.307,20170523
17.2764,16.9274,17.169,189289.92,362272.697,20170524
18.6363,17.1064,18.341,896979.25,1815758.309,20170525
18.5647,17.9563,18.3858,400658.93,814867.077,20170526
19.3073,18.6989,19.021,682330.32,1447984.277,20170531
19.1194,18.7258,18.8689,266365.05,562162.013,20170601
19.0568,18.5916,18.7437,235397.43,493992.185,20170602
19.021,18.5289,18.8779,285544.45,602173.927,20170605
19.191,18.6363,18.6721,492775.87,1044876.412,20170606
20.3988,19.2178,19.4147,944276.46,2080848.959,20170612
20.0946,19.2357,19.6831,471001.92,1040218.312,20170613
19.5936,19.0747,19.1015,370107.35,798534.301,20170614
19.0568,18.6273,18.8242,233208.62,489523.684,20170615
18.9494,18.6989,18.7347,139298.22,292396.354,20170616
18.851,18.6989,18.7705,118915.52,249680.284,20170619
19.03,18.6273,18.8152,236755.86,497795.185,20170620
19.1731,18.6989,18.8242,194542.51,411153.77,20170621
19.9515,18.8779,19.5757,715929.06,1562559.166,20170622
21.5351,19.5041,21.5351,1251186.77,2905465.113,20170623
23.6913,21.9645,23.6913,1711182.98,4396209.719,20170626
23.2887,22.5192,22.8503,1198380.3,3059693.495,20170627
23.1634,22.1703,22.3671,946320.09,2391062.42,20170628
22.7429,21.9735,22.5103,706958.31,1767701.602,20170629
22.7161,22.045,22.3403,595614.83,1487556.605,20170630
22.5461,21.7945,21.9824,452937.99,1115270.383,20170703
22.3045,21.043,21.3472,740518.74,1798526.826,20170704
22.054,20.9625,21.9556,747827.98,1802258.144,20170705
22.0629,21.4277,21.6693,474769.22,1154892.663,20170706
22.4476,21.4993,22.0629,583982.56,1442448.492,20170707
22.7071,21.6693,21.8572,609251.94,1510229.003,20170710
22.4566,21.6066,22.1435,475520.25,1179893.509,20170711
23.8881,22.564,22.7787,996895.18,2583415.791,20170712
22.6803,21.8303,21.8572,833370.31,2064324.255,20170713
22.215,21.7945,22.0003,201797.31,495832.293,20170714
23.0829,22.2598,22.6355,791833.77,2004962.442,20170718
23.3155,21.8572,22.4924,1008070.7,2526934.175,20170719
22.9397,22.1256,22.6803,633677.05,1598967.701,20170720
22.9397,22.054,22.1703,477662.55,1195588.636,20170721
22.1166,20.9177,21.2935,835260.09,2000738.2,20170724
21.2398,20.7746,20.8104,362654.8,849637.919,20170725
21.1861,20.7835,20.9535,307159.42,719797.707,20170726
21.1414,20.5241,20.5778,426351.28,991318.779,20170727
21.3293,20.5778,21.1414,412507.68,971981.311,20170728
21.0967,20.6672,20.9088,309424.82,721127.919,20170731
21.0698,20.7567,20.9535,209522.62,490486.919,20170801
21.5798,20.9625,21.0967,353910.17,841309.695,20170802
21.0967,20.3899,20.6762,455189.39,1047661.125,20170803
20.6314,20.3183,20.4346,296123.06,676533.26,20170804
20.6225,20.2915,20.3183,234091.49,533908.529,20170807
20.4078,20.202,20.372,191585.01,434919.029,20170808
20.6493,20.3183,20.533,244983.95,561145.593,20170809
20.5688,20.1573,20.3988,239302.29,543681.994,20170810
20.3004,19.6831,19.701,344130.96,768450.896,20170811
19.9067,19.4415,19.6383,400870.39,879296.825,20170814
19.8441,19.5578,19.701,247722.45,544574.594,20170815
19.7725,19.4594,19.5578,229564.85,501790.367,20170816
19.6562,19.4326,19.6115,197748.76,433006.766,20170817
20.533,19.5131,20.4167,552724.8,1242948.88,20170818
20.4078,20.032,20.2378,287832.45,649571.377,20170821
20.9356,20.2646,20.7656,504123.49,1167246.978,20170822
20.8462,20.5062,20.7925,222221.18,514484.895,20170823
20.8641,20.4436,20.6583,180488.96,417300.228,20170824
21.1861,20.703,20.7567,483898.58,1131198.66,20170825
21.8482,20.8193,21.4814,898477.81,2154997.908,20170828
21.8053,21.1392,21.611,436613.54,1015608.551,20170829
21.8145,21.4907,21.5,337202.17,789291.579,20170830
21.6757,21.2872,21.4907,298893.58,694243.105,20170831
21.6202,21.0374,21.1669,407080.29,933710.129,20170901
21.3149,20.9911,21.2409,268283.34,614727.601,20170904
22.1013,21.3242,21.981,539792.91,1279252.921,20170905
22.4528,21.7405,22.018,361719.63,865955.696,20170906
24.2198,22.1661,24.0256,1274569.91,3234474.327,20170907
24.3123,23.2762,23.859,795767.75,2043297.94,20170908
24.4141,23.1559,23.3872,582773.4,1493511.044,20170911
23.563,22.9617,23.3687,442261.63,1112832.817,20170912
24.0996,23.1189,23.8313,467463.77,1201265.103,20170913
25.9591,23.637,25.4965,1150696.14,3120331.89,20170914
27.9573,25.4132,27.1062,1550495.61,4549589.506,20170915
27.5133,25.8943,25.9406,1063043.07,3051116.143,20170918
27.8463,25.9961,26.6159,1196308.5,3484566.602,20170919
27.3375,25.9036,26.5789,613095.75,1763105.246,20170920
26.8842,25.6723,26.2736,536324.02,1515969.57,20170921
26.5234,25.4595,25.7278,423093.1,1184003.287,20170922
25.1635,24.1458,24.1643,722702.58,1913322.931,20170925
25.182,24.1458,24.7564,593044.56,1585098.003,20170926
25.2375,24.5344,24.8304,367534.16,990737.967,20170927
25.1172,24.4234,24.4326,262347.0,699235.16,20170928
24.7934,24.0533,24.2846,345752.68,908847.292,20170929
25.5798,24.2753,24.4881,711737.42,1923169.657,20171009
24.6916,24.2291,24.5991,367101.28,970161.609,20171010
25.2282,24.4881,24.8582,425997.39,1141669.506,20171011
25.1635,24.7194,25.071,348979.7,941856.394,20171012
25.515,24.8027,24.9137,329928.03,894966.611,20171013
24.9507,24.1736,24.3401,315008.07,833062.331,20171016
24.5344,24.1828,24.2476,184811.06,485403.637,20171017
24.5714,23.6925,24.4511,334052.39,870086.806,20171018
24.5806,24.0626,24.0996,202525.56,532422.122,20171019
24.2661,23.8035,24.2013,145915.37,379610.561,20171020
24.2383,23.8405,23.9886,197527.2,512609.825,20171023
25.1635,23.8775,24.9784,509187.97,1367035.397,20171024
25.9036,24.8489,25.3762,445727.42,1230082.31,20171025
25.7926,24.8952,25.4688,422766.85,1159749.141,20171026
26.1626,25.219,25.441,447443.84,1241370.688,20171027
26.8287,25.3577,26.8102,676711.06,1913212.383,20171030
27.0877,26.1626,26.7917,463277.75,1334576.822,20171031
28.2534,26.5789,26.9675,622931.18,1849006.197,20171101
27.2728,26.5327,27.245,361906.48,1053595.804,20171102
27.3098,25.9498,26.0793,455428.48,1305014.433,20171103
26.1534,24.9322,25.404,509485.09,1395554.475,20171106
25.8573,25.256,25.7648,379818.14,1052691.827,20171107
26.0331,25.3577,25.5705,398661.3,1105269.516,20171108
25.7093,25.256,25.5983,234126.98,645092.373,20171109
25.7463,25.3115,25.4503,305912.74,841979.145,20171110
25.4318,24.7934,25.0339,347146.47,941038.615,20171113
26.3661,24.7009,26.3661,735825.54,2042078.588,20171114
26.5141,25.8203,26.3106,541077.77,1532168.876,20171115
27.1802,26.1996,26.7732,574432.13,1663430.808,20171116
27.3838,26.4586,26.7362,563943.99,1639436.318,20171117
26.8379,25.4225,26.7362,395088.49,1118755.733,20171120
29.4098,26.4031,29.4098,1081788.62,3289379.108,20171121
30.6032,29.1785,30.0666,1052969.77,3398210.521,20171122
30.2887,28.6975,28.9565,580325.38,1851670.288,20171123
29.8724,28.1886,29.419,524343.06,1653488.217,20171124
30.1592,28.2996,29.16,521581.28,1640697.007,20171127
29.0027,27.8463,28.4477,405786.49,1243495.707,20171128
31.2971,28.0129,31.2878,897712.59,2894400.95,20171129
30.8993,28.3829,28.8825,1000665.49,3213854.404,20171130
29.6318,28.2164,28.4292,557438.55,1733100.368,20171201
28.9565,27.6613,28.5402,379890.01,1160069.276,20171204
29.123,27.9388,28.7067,564302.01,1747240.922,20171205
28.864,27.9944,28.4662,389794.45,1197517.724,20171206
29.5116,27.6613,27.7076,590007.16,1807843.249,20171207
27.6428,26.8749,27.5873,588187.18,1731418.639,20171208
27.7076,27.1062,27.6891,502135.46,1487020.649,20171211
28.0869,27.3005,27.356,467638.92,1401462.694,20171212
27.8463,27.1525,27.6983,334953.94,998153.483,20171213
28.0961,27.6151,27.8556,382067.77,1150698.146,20171214
27.8648,26.9212,26.9305,396229.18,1165712.213,20171215
27.0692,25.9406,26.3291,421286.94,1207131.428,20171218
27.06,26.2736,26.9767,340084.1,981540.648,20171219
26.9212,26.3846,26.4586,329026.69,943187.281,20171220
27.9296,26.4864,27.4948,595163.86,1756898.867,20171221
27.9388,27.356,27.6151,342206.42,1023085.433,20171222
28.9842,28.0036,28.0961,506382.57,1561915.069,20171225
28.4939,27.8648,28.2164,278845.61,850307.97,20171226
28.7622,28.1239,28.4847,395488.84,1218292.968,20171227
28.5309,27.6336,28.4014,367316.18,1117505.168,20171228
29.3358,28.4384,28.7345,385307.4,1204645.832,20171229
30.52,29.0953,30.1221,683433.5,2218502.766,20180102
31.2508,29.8169,29.9094,646870.2,2130249.691,20180103
31.0195,29.6966,30.6402,529085.8,1740602.533,20180104
33.1936,30.3442,32.1574,843101.96,2916787.871,20180105
34.1927,32.4812,33.2953,830783.59,2994515.871,20180108
33.4063,32.3332,33.1566,478459.09,1700947.893,20180109
33.9522,32.842,32.9993,453695.91,1633034.914,20180110
33.1011,31.9539,32.5182,402483.81,1411859.648,20180111
33.8782,32.4627,32.8883,537013.33,1927916.472,20180112
35.1548,32.9438,34.313,757186.09,2784027.858,20180115
37.6527,33.6746,37.1901,978464.78,3763499.498,20180116
37.5602,35.4324,36.7923,812191.93,3199234.88,20180117
37.5972,35.9875,36.7831,558848.4,2226747.475,20180118
38.0135,36.3112,36.4685,548758.23,2207882.77,20180119
36.8571,35.6267,36.5703,406526.41,1597213.093,20180122
38.402,36.9958,37.9117,648657.5,2653177.559,20180123
39.0774,37.4307,38.0505,542629.59,2236496.975,20180124
38.0412,35.8949,37.1901,648064.57,2577574.871,20180125
37.6157,36.191,37.0421,410062.37,1640757.7,20180126
37.5232,35.2381,35.6822,597862.74,2338982.473,20180129
35.1548,33.5544,33.6376,908234.42,3355539.693,20180130
34.9328,32.953,34.7478,898147.86,3297773.29,20180131
35.1918,34.1372,34.6923,635425.38,2380069.195,20180201
35.0623,33.1196,34.5813,596793.68,2208198.824,20180202
35.2103,33.5914,34.2205,552634.72,2046513.931,20180205
33.3971,32.2684,33.1381,699836.71,2489127.586,20180206
33.8412,30.0666,30.5107,952129.68,3283016.479,20180207
31.3433,30.0574,30.2979,580805.14,1920999.544,20180208
29.5671,27.9388,28.9287,724944.9,2259035.363,20180209
29.9001,28.9657,29.5116,407654.31,1297185.205,20180212
31.2601,29.8631,30.2794,454668.11,1500999.45,20180213
30.8252,29.7613,30.6865,270175.5,884454.424,20180214
31.5006,30.8345,31.1768,302373.26,1019234.56,20180222
32.472,30.8345,32.1204,384538.9,1323487.16,20180223
32.472,30.631,31.6209,540655.01,1832518.319,20180226
31.7134,30.2054,30.4367,506598.14,1683177.664,20180227
30.742,29.4561,30.2517,500004.47,1621987.601,20180228
30.6125,29.6226,29.9834,336064.32,1092337.514,20180301
30.2794,29.1508,29.8631,322838.49,1038873.924,20180302
30.668,29.6688,29.7706,373354.38,1213151.363,20180305
31.186,29.6133,31.149,581008.06,1912870.91,20180306
31.3803,30.3442,30.4367,387992.55,1292495.378,20180307
31.2138,30.3904,31.1213,351022.54,1175142.105,20180308
31.3711,30.8437,30.9548,325102.39,1092069.971,20180309
31.1583,29.9279,30.1777,606208.29,1979204.52,20180312
30.3812,29.9464,30.0481,220920.41,719093.277,20180313
30.4829,29.7891,30.2517,315833.0,1031091.876,20180314
30.6217,29.9834,30.2147,252215.34,825259.606,20180315
30.853,30.0666,30.1869,337572.15,1111490.314,20180316
30.1406,29.16,29.2155,366967.49,1166386.364,20180319
29.2248,28.4477,28.9935,290117.65,903296.819,20180320
29.7428,28.9657,29.2895,331725.74,1055783.63,20180321
29.4931,28.716,28.8455,235787.08,739606.988,20180322
28.7437,27.023,28.7437,505125.39,1527314.429,20180323
28.4847,27.6613,28.0591,338288.96,1021310.971,20180326
29.4838,28.4107,28.6975,578853.91,1803144.937,20180327
29.7428,28.0314,28.9842,426728.97,1341512.917,20180328
31.8799,28.7067,31.6024,999700.72,3311802.728,20180329
31.4451,30.6865,30.7975,572692.05,1918089.36,20180330
31.8891,30.8252,30.9825,531635.65,1801173.138,20180402
31.5468,30.0851,31.1213,431945.71,1440337.637,20180403
31.4081,29.6966,30.3442,584509.65,1927433.704,20180404
30.3072,28.6419,29.2525,478119.4,1510647.265,20180409
29.7706,28.7345,29.7706,477145.43,1517032.39,20180410
30.7512,29.3543,30.1684,485930.43,1578103.542,20180411
30.3997,29.3728,29.4653,335219.99,1079000.357,20180412
29.8261,28.7067,28.9102,351572.61,1102968.777,20180413
28.8917,27.3468,27.7816,528068.65,1588112.26,20180416
28.2626,27.3838,27.6798,258197.72,775976.183,20180417
28.3922,27.5133,27.7908,328835.33,989193.213,20180418
28.2441,27.7816,27.9666,256275.25,776421.774,20180419
28.2164,27.6798,27.8926,254795.46,769678.456,20180420
28.0221,27.5595,27.6706,201714.25,605310.89,20180423
28.7715,27.5688,28.6142,469832.12,1447945.429,20180424
28.3552,27.7168,27.8648,397684.18,1199524.613,20180425
28.0314,26.1441,26.3661,812262.55,2348260.646,20180426
26.5974,25.367,26.2736,381958.29,1071392.412,20180427
26.5141,25.5613,25.6075,397170.81,1111292.763,20180502
25.589,24.5714,25.2837,542419.86,1466857.435,20180503
25.4965,24.8027,24.8952,425383.6,1154814.762,20180504
25.4503,24.7194,25.33,408453.67,1110387.754,20180507
26.6992,25.2837,26.5419,655817.53,1857899.321,20180508
26.3661,25.9036,26.0886,409030.79,1152922.298,20180509
26.3939,25.626,25.9683,429639.57,1204133.432,20180510
26.0793,25.6538,25.8481,318303.73,889939.605,20180511
26.1719,25.7833,25.8481,350838.54,984200.058,20180514
26.0423,25.293,25.6723,405069.26,1120666.813,20180515
25.6723,25.1727,25.1912,373238.06,1020836.429,20180516
25.182,24.7657,24.7842,445623.87,1199275.7,20180517
25.1172,24.5436,25.1172,407222.27,1092945.215,20180518
25.2652,24.8027,25.0432,432446.76,1167666.221,20180521
25.0247,24.5899,24.7194,415469.03,1111277.324,20180522
25.1357,24.5714,24.7934,433170.62,1164157.877,20180523
24.8397,24.5344,24.6546,241610.93,643575.797,20180524
24.8952,24.3494,24.4141,270005.46,717574.35,20180525
24.8119,24.3308,24.5159,254594.99,676789.912,20180528
24.3956,23.4427,23.6833,556052.35,1428341.707,20180529
23.3225,22.7396,22.7951,540168.82,1342440.709,20180530
23.7573,22.7211,23.674,705893.25,1768260.902,20180531
24.4789,23.4057,24.0533,520770.82,1355014.454,20180601
25.33,24.3123,25.256,789190.77,2138820.837,20180604
25.6908,24.8304,25.4318,606841.37,1658473.532,20180605
25.478,24.8397,24.9692,508162.53,1378427.339,20180606
25.5705,24.9322,25.3392,597535.75,1637918.296,20180607
25.145,24.5621,24.7102,388545.08,1040501.593,20180608
25.6538,24.6824,25.2652,526436.79,1437705.891,20180611
25.7463,25.1912,25.6353,498372.48,1376048.984,20180612
26.1348,25.2652,25.5705,602843.57,1680583.497,20180613
25.6815,25.0895,25.3207,357604.45,980418.255,20180614
26.1811,25.2837,25.8943,698195.18,1951841.87,20180615
25.7648,24.8952,25.071,600442.11,1639680.595,20180619
25.2467,24.4326,24.9414,393400.42,1059357.118,20180620
26.3661,24.8119,25.6538,777932.09,2167319.528,20180621
26.0886,25.3855,25.9961,444366.6,1235687.451,20180622
26.2551,24.4326,24.5066,615811.76,1686677.902,20180625
24.1088,22.9709,23.6278,591809.32,1503936.867,20180626
23.6,22.0273,22.4066,672347.28,1652394.698,20180627
22.7304,21.7405,22.092,462512.82,1114653.844,20180628
22.7581,22.1013,22.7581,352884.91,859583.948,20180629
22.7119,20.8339,21.0929,846203.86,1981131.638,20180702
21.722,21.0929,21.6665,549964.88,1274023.575,20180703
21.9718,21.2779,21.2779,249881.03,582470.214,20180704
21.6572,21.1392,21.3242,267278.61,619393.007,20180705
21.833,20.9541,21.4722,346930.01,805107.096,20180706
22.2493,21.6202,22.2123,404626.6,964798.996,20180709
22.6564,21.9903,22.3418,389259.48,936534.189,20180710
21.8608,21.4352,21.7035,286052.97,668957.022,20180711
22.4066,21.7127,22.0643,384228.4,916845.446,20180712
22.5269,21.87,21.944,407555.34,976014.586,20180713
21.8885,21.1022,21.4167,430694.06,994746.276,20180716
21.537,20.9541,21.2594,313869.3,718627.835,20180717
21.3242,20.7414,20.7876,410641.88,930105.273,20180718
21.2409,20.8154,20.9819,506949.38,1154160.796,20180719
21.7312,20.3713,21.4074,610195.34,1390937.599,20180720
22.1105,21.1854,21.9718,555706.13,1306045.471,20180723
23.2114,22.2401,22.5546,832814.22,2055205.705,20180724
22.7396,22.2031,22.3696,355182.97,860631.782,20180725
22.6749,21.8053,21.9348,385134.8,924376.0,20180726
22.0273,21.5,21.574,322827.63,757327.314,20180727
21.9255,21.1114,21.4445,357066.58,828078.838,20180730
21.7312,21.3334,21.574,354578.15,825861.764,20180731
21.5,20.5471,20.6766,673866.01,1523419.154,20180801
20.6673,19.4924,19.7792,677777.75,1457805.725,20180802
19.9272,19.4739,19.5017,346072.3,735143.747,20180803
19.7237,18.9836,19.2982,315702.05,662879.888,20180806
20.2233,19.3629,20.2233,451653.09,969166.202,20180807
20.6211,19.8902,19.8902,410720.18,903023.745,20180808
20.8616,19.7977,20.7969,896200.17,1997096.145,20180809
22.2678,21.2132,21.4445,1201163.03,2820091.738,20180810
21.4722,20.7784,21.3149,489494.76,1113409.912,20180813
21.3242,20.3991,20.6488,486784.81,1090898.794,20180814
20.8894,20.5563,20.6303,472553.5,1058911.645,20180815
21.3519,19.992,21.0189,490384.44,1107212.515,20180816
21.463,20.9449,20.9911,424160.44,969847.216,20180817
21.685,20.8986,21.6017,476133.14,1101391.513,20180820
22.1846,21.4815,22.1198,495846.24,1173410.505,20180821
22.2771,21.8978,22.129,421833.83,1007170.63,20180822
22.254,21.3792,21.9368,543058.67,1235013.686,20180823
22.1194,21.5234,21.8983,273417.65,621888.066,20180824
23.1288,21.9656,22.9846,594341.1,1403513.889,20180827
23.2057,22.8116,22.9558,348101.15,832284.975,20180828
23.4556,22.802,22.9846,291143.33,700596.432,20180829
23.2442,22.5713,22.5905,285923.67,681645.384,20180830
23.4172,22.2829,23.1192,428145.12,1024351.411,20180831
23.6191,22.4751,22.6385,497612.43,1191130.969,20180903
23.4941,22.504,23.4845,437654.47,1052057.112,20180904
23.2634,22.504,22.504,546644.37,1296346.119,20180905
22.6482,21.8118,21.9272,375368.9,864994.565,20180906
22.7347,21.9656,22.3117,334943.33,780678.316,20180907
22.9269,22.2156,22.552,474917.79,1115789.487,20180910
22.7251,22.1963,22.4367,358358.75,832895.939,20180911
22.3982,21.7349,21.9945,313821.54,717459.921,20180912
22.5616,21.8983,22.206,468837.96,1080871.662,20180913
22.4847,21.9272,22.4174,334870.79,775981.815,20180914
22.3309,21.8407,21.9464,255061.69,584416.325,20180917
22.206,21.6003,22.1098,404634.05,921475.475,20180918
23.7152,22.0233,23.2345,1317837.01,3170366.001,20180919
23.4845,22.8789,23.0807,521852.72,1257974.032,20180920
24.9937,23.0038,24.8015,1064216.38,2663500.909,20180921
24.1478,23.4556,23.6864,908838.54,2247254.08,20180925
24.3497,22.9654,23.7152,845884.37,2088651.952,20180926
23.8209,23.3595,23.5037,445294.33,1090622.042,20180927
23.9363,23.0231,23.3595,683236.25,1671576.714,20180928
22.3021,21.1293,21.1966,1037914.88,2339001.429,20181008
21.2639,20.4372,20.9755,628633.52,1360687.509,20181009
21.1774,20.5718,20.9082,437797.76,951971.015,20181010
20.6679,20.0046,20.1199,709553.01,1498597.099,20181011
21.1005,20.2353,20.9563,531382.96,1141837.523,20181012
20.937,20.3314,20.639,445515.74,953879.735,20181015
21.2062,20.0527,20.1968,397553.12,853848.661,20181016
20.6294,20.0719,20.3987,307507.86,651794.911,20181017
20.3987,19.7162,19.7931,577959.29,1199550.666,20181018
21.1389,19.6105,20.7256,759809.75,1618603.263,20181019
22.3598,20.889,21.9368,1008289.94,2292054.56,20181022
22.0329,21.1966,21.2831,509732.7,1144781.713,20181023
22.2252,21.2447,21.7061,513460.91,1161439.968,20181024
22.5905,21.1485,22.5809,932699.5,2150598.987,20181025
23.7921,22.552,22.8885,729756.6,1754616.838,20181026
23.3884,21.658,21.9176,618876.62,1435756.0,20181029
22.9558,21.7734,22.7731,602920.35,1415832.355,20181030
23.6479,22.3982,23.2922,565648.85,1358918.219,20181031
24.292,23.3403,23.4749,617847.25,1531833.907,20181101
24.2727,23.0711,23.6671,652339.22,1601122.935,20181102
23.5325,22.7827,23.1096,583695.56,1399713.072,20181105
23.4556,22.7924,23.2057,420823.93,1014339.811,20181106
23.5518,22.7924,22.9269,441458.18,1062603.97,20181107
23.6383,22.9942,23.0615,548200.71,1330024.287,20181108
23.3884,22.6193,22.6385,369283.45,877009.944,20181109
23.0327,22.4943,22.9558,386742.23,920396.95,20181112
23.1,22.5328,23.0134,453424.04,1079145.537,20181113
23.5422,23.0327,23.2153,618882.72,1500411.129,20181114
23.4556,23.0327,23.4364,258623.58,627715.21,20181115
24.1286,23.0904,23.8209,495985.86,1220586.112,20181116
24.9649,23.7248,24.9649,590566.04,1518790.912,20181119
25.4071,24.2535,24.6573,474151.8,1221340.78,20181120
25.6474,24.3689,25.0226,581654.21,1517603.355,20181121
24.9841,24.3016,24.638,300827.41,768538.986,20181122
24.6573,23.7248,23.9363,296629.37,743585.668,20181123
24.4842,23.7825,24.2151,241090.53,606367.556,20181126
24.3112,23.8209,23.9844,192492.25,480638.561,20181127
24.8784,24.0228,24.8784,386165.31,986464.334,20181128
25.4551,24.0324,24.3112,393643.32,1007596.58,20181129
24.5419,24.0613,24.4554,192754.06,487502.415,20181130
25.0514,23.8498,24.7342,608149.44,1544456.947,20181203
24.5707,23.8978,24.1574,509945.97,1281369.833,20181204
24.6957,23.8017,24.3208,407176.06,1033938.143,20181205
24.4842,23.9363,24.1286,243022.82,611204.445,20181206
24.8495,24.1478,24.3593,275278.78,702826.097,20181207
24.5996,23.9363,24.0324,274636.88,692420.827,20181210
24.9745,23.9459,24.9649,433703.49,1111642.805,20181211
25.7628,25.1283,25.3302,484759.93,1283473.956,20181212
26.4068,25.3782,26.0511,644463.35,1740981.828,20181213
26.0608,25.2917,25.4359,311472.6,826696.666,20181214
25.7147,24.936,25.4936,321532.38,845518.94,20181217
25.3686,24.3593,24.5131,413674.28,1063833.011,20181218
25.0802,24.1766,24.3977,290663.49,743094.958,20181219
24.8015,23.9459,24.3208,412249.8,1038244.109,20181220
24.2055,22.7827,23.3115,607919.23,1466176.434,20181221
23.148,22.4271,22.9558,493219.42,1164770.722,20181224
23.2826,22.4751,23.0423,426901.26,1016225.858,20181225
23.0519,22.6674,22.8789,221987.26,528530.965,20181226
23.6095,22.5328,22.5328,352501.78,849242.338,20181227
23.3018,22.7539,22.8981,322810.93,772703.701,20181228
23.1576,22.7539,22.975,247010.28,589384.596,20190102
23.5518,22.7924,23.1384,222353.59,536333.264,20190103
24.0324,22.9269,23.9651,377727.21,927011.718,20190104
24.5419,24.0228,24.0805,427154.85,1077909.188,20190107
24.2247,23.6767,24.0324,214382.02,533604.348,20190108
24.8784,24.1382,24.3497,340140.62,867081.397,20190109
24.5707,24.0613,24.1382,224649.2,568952.646,20190110
24.5515,24.042,24.3208,240694.9,606994.703,20190111
24.3208,23.9555,24.0516,183281.34,459151.853,20190114
24.1862,23.3787,24.1862,368758.85,914983.495,20190115
24.5131,23.869,24.4362,267466.06,676685.59,20190116
24.5131,23.9747,24.0036,245895.86,618876.709,20190117
24.763,24.0228,24.763,365723.28,933464.191,20190118
24.9457,24.4169,24.6573,255499.85,655820.643,20190121
25.1571,24.2535,24.4169,379336.8,974822.713,20190122
24.5035,24.2247,24.3304,146847.03,371890.084,20190123
24.5515,23.9651,24.4266,234931.05,592822.911,20190124
25.3302,24.5035,25.0898,451756.17,1176479.676,20190125
25.5897,24.8591,25.0514,308906.56,810288.818,20190128
25.8397,24.8688,25.8397,368071.63,974279.357,20190129
26.7433,25.5993,26.1569,592303.18,1615186.856,20190130
27.0605,25.955,26.676,411857.6,1138512.393,20190131
27.1278,25.9358,26.6087,518543.17,1415838.207,20190201
26.6183,25.8493,26.5991,448513.22,1222114.37,20190211
26.5126,25.8108,26.3395,510238.63,1387073.367,20190212
26.8971,26.08,26.6952,671739.48,1849718.606,20190213
26.6087,26.1184,26.378,548813.88,1501936.309,20190214
26.3588,25.4744,25.5224,622319.82,1674145.046,20190215
26.1473,25.6378,26.1473,689164.95,1857391.137,20190218
26.3299,25.8685,25.9839,581793.8,1578093.49,20190219
26.801,25.7435,26.5606,708069.79,1946411.546,20190220
26.5318,25.7724,25.907,616527.27,1673690.928,20190221
25.9358,25.234,25.9262,616049.02,1637780.572,20190222
27.5604,25.8204,27.2912,1328512.83,3693496.637,20190225
27.7334,26.6472,26.7144,982519.78,2772109.82,20190226
27.397,26.3203,26.9259,919166.28,2560423.679,20190227
27.445,26.6472,26.9067,606374.98,1705080.843,20190228
27.4354,26.4933,27.4354,851785.37,2389355.365,20190301
29.1754,27.4354,28.5505,1414795.23,4185090.676,20190304
29.3388,28.3294,28.7812,835555.95,2503625.218,20190305
29.0312,27.9353,28.339,813470.26,2387231.851,20190306
28.2141,27.3201,27.4643,744106.87,2136857.024,20190307
27.1374,25.9742,26.3395,837383.06,2311425.526,20190308
26.4261,25.3398,26.3876,968609.59,2604445.077,20190311
26.9163,26.1473,26.3876,796192.89,2196590.644,20190312
27.1566,25.8108,26.7337,791460.59,2189131.853,20190313
27.0701,26.1761,26.3972,575706.24,1593774.07,20190314
27.2624,26.3107,26.9836,778181.37,2174877.993,20190315
28.2814,26.6856,28.2333,984627.78,2830974.395,20190318
29.0312,27.8295,28.0218,769978.94,2266655.141,20190319
28.6082,27.5412,28.3871,618588.58,1807275.592,20190320
28.9735,28.2814,28.4063,673372.69,2006633.33,20190321
28.2621,27.57,28.0603,403115.17,1170173.99,20190322
27.8007,27.0221,27.0701,485411.76,1382259.059,20190325
27.8392,27.1182,27.1951,614437.94,1753983.322,20190326
27.9257,27.1374,27.8295,456424.21,1311815.605,20190327
28.3775,27.4066,27.6854,517324.89,1500669.727,20190328
29.5599,27.6373,29.531,970329.93,2903231.426,20190329
31.8189,29.8002,30.8288,1078515.11,3449265.526,20190401
31.2229,30.4827,30.7519,509272.85,1631797.324,20190402
31.2614,30.1847,31.2325,453116.53,1450033.729,20190403
31.8382,30.5212,30.973,692092.74,2238380.963,20190404
31.5305,30.0405,30.3193,744881.41,2375321.233,20190408
32.2996,30.55,32.1842,904186.99,2952702.145,20190409
31.9151,31.146,31.5017,539052.88,1763295.16,20190410
31.9151,30.1943,30.6077,573781.88,1842346.196,20190411
30.5404,29.6176,29.8867,482436.77,1504490.056,20190412
30.7615,29.6848,29.7425,557808.53,1759310.281,20190415
30.4539,28.8485,30.4154,709185.0,2185563.502,20190416
30.2809,29.5791,29.781,543534.05,1683838.795,20190417
29.6464,29.1369,29.5118,459263.6,1404300.843,20190418
30.2905,29.2811,30.2616,454556.96,1409527.11,20190419
29.7714,28.1756,28.3679,1254610.75,3759214.897,20190422
28.5986,28.1179,28.3679,599063.79,1768285.804,20190423
28.6563,27.8872,28.4544,447456.67,1315291.224,20190424
28.7043,28.0699,28.2525,472220.93,1392245.656,20190425
28.2429,27.7815,27.9545,396883.02,1155739.978,20190426
28.4159,27.8776,28.2141,498386.08,1461313.479,20190429
28.0314,27.2816,27.7623,503763.88,1449578.216,20190430
27.2143,25.6666,26.0511,700696.43,1919848.706,20190506
27.0701,26.3203,26.8971,503032.08,1399420.576,20190507
26.9259,26.205,26.3299,353879.44,976776.033,20190508
26.4261,25.6666,25.9742,350943.63,948118.21,20190509
27.0028,25.7916,26.9452,471861.16,1306268.299,20190510
26.9932,26.3876,26.9644,312444.54,868824.129,20190513
26.9932,26.3395,26.5318,343951.88,955114.028,20190514
27.1759,26.7241,26.9355,374566.59,1051240.514,20190515
27.099,26.7433,27.0413,307265.23,861546.311,20190516
27.1182,26.2434,26.3011,326650.96,902757.789,20190517
26.5702,25.8685,26.205,255968.34,696860.585,20190520
26.7144,26.1473,26.4549,265603.89,731405.403,20190521
26.5222,26.0511,26.3011,204648.14,560169.485,20190522
26.2242,25.6282,25.6859,270740.52,726962.131,20190523
26.0031,25.5801,25.782,197829.77,530462.435,20190524
26.0319,25.2821,25.955,251967.8,674457.193,20190527
26.551,25.8012,26.551,409946.38,1117493.898,20190528
26.3588,25.9646,26.1088,214728.53,583352.716,20190529
26.0608,25.6955,25.8781,200526.45,539117.119,20190530
26.0223,25.6666,25.6666,200145.95,537589.152,20190531
25.9742,25.2629,25.4167,317567.97,842709.495,20190603
25.5128,25.234,25.2821,203260.7,536198.035,20190604
26.2242,25.5993,25.9839,576164.47,1553688.615,20190605
26.2338,25.8781,26.0704,333792.05,905462.519,20190606
26.9644,26.1184,26.7337,527547.02,1466767.218,20190610
27.3489,26.7721,27.2335,449630.05,1271956.403,20190611
27.1951,26.7337,26.9163,269372.24,753190.18,20190612
26.9644,26.5126,26.7529,250431.08,695293.629,20190613
27.1951,26.7048,26.849,311417.81,874904.945,20190614
27.1086,26.676,26.8298,171672.79,480406.921,20190617
27.0221,26.3395,26.6279,219162.16,605621.875,20190618
27.2816,26.5222,26.6568,390157.88,1090051.95,20190619
27.3489,26.5606,27.3489,577484.39,1628818.51,20190620
27.4162,27.0317,27.2143,492537.55,1392207.007,20190621
27.1566,26.9452,27.0413,270128.91,759269.848,20190624
27.1566,26.5606,26.801,282512.76,786459.323,20190625
26.9067,26.6375,26.7144,184696.47,514385.338,20190626
26.9932,26.6375,26.7625,274067.56,764026.965,20190627
26.8779,26.6183,26.7337,193978.01,539293.006,20190628
27.5604,26.9163,27.5123,687242.66,1945304.44,20190701
27.8103,27.1855,27.743,553239.11,1577593.941,20190702
28.3486,27.5027,28.041,672625.59,1963666.944,20190703
29.1081,28.0891,28.4063,662801.03,1976371.919,20190704
28.5313,28.0026,28.3102,351067.69,1032280.468,20190705
28.3679,27.5412,28.0218,394474.16,1147380.325,20190708
28.5409,27.9545,28.0218,332848.52,975826.03,20190709
28.2814,27.7911,28.041,177763.23,517336.271,20190710
28.5986,28.0506,28.0795,318641.64,937805.607,20190711
28.7043,27.9834,28.5025,333780.02,989047.203,20190712
28.9158,28.0699,28.8389,465463.56,1380208.993,20190715
29.2234,28.6947,28.8966,347690.84,1046147.767,20190716
29.1273,28.6659,28.9639,232957.27,701266.462,20190717
29.1273,28.6851,28.9254,264075.09,793896.522,20190718
29.781,29.2811,29.5214,506322.48,1556835.941,20190719
30.2328,29.3484,29.8963,457614.69,1423211.184,20190722
29.8002,28.4832,28.8389,596290.57,1796657.959,20190723
29.1273,28.5794,28.8101,391729.76,1173207.644,20190724
28.9447,28.4544,28.9158,334004.29,996259.351,20190725
28.9158,28.5505,28.8005,319834.63,956013.182,20190726
28.9447,28.4544,28.5505,242600.18,723039.992,20190729
28.9254,28.5986,28.6659,202807.22,607033.693,20190730
28.2621,27.4066,27.6469,687369.13,1979377.626,20190731
27.6373,27.099,27.3201,361277.21,1028750.662,20190801
27.1566,26.6087,26.9259,435982.84,1214285.13,20190802
26.6856,25.955,25.9646,430819.32,1177180.243,20190805
26.2819,25.3879,25.9742,446789.74,1202706.317,20190806
26.4933,26.0031,26.3011,366592.8,1001711.727,20190807
26.7241,26.3011,26.5799,278466.22,767941.217,20190808
26.7721,26.1088,26.2338,254721.49,697605.312,20190809
26.801,26.2242,26.6952,262532.27,726706.157,20190812
26.6664,26.1281,26.2722,287658.74,787625.721,20190813
26.6664,25.8589,26.08,528475.04,1435516.941,20190814
26.43,25.65,26.34,350418.86,918434.461,20190815
26.52,26.16,26.28,358174.84,944690.704,20190816
26.96,26.42,26.88,487359.96,1303443.683,20190819
27.36,26.7,27.17,478734.34,1301096.027,20190820
27.77,27.25,27.39,438762.77,1204112.154,20190821
27.55,27.12,27.16,285591.27,778780.565,20190822
27.28,26.9,26.96,374285.95,1011168.748,20190823
26.56,26.2,26.45,472345.97,1244677.471,20190826
26.98,26.47,26.52,497275.3,1326062.526,20190827
26.69,26.36,26.55,266293.96,706306.155,20190828
26.64,25.86,25.97,562064.46,1465149.779,20190829
26.22,25.68,25.8,434934.0,1125318.902,20190830
26.06,25.69,25.89,439523.81,1138396.501,20190902
26.05,25.61,25.7,454523.07,1170596.826,20190903
26.75,25.73,26.7,908130.36,2388814.231,20190904
27.35,26.65,26.7,780259.15,2109301.722,20190905
26.92,26.64,26.89,442330.73,1184338.273,20190906
27.36,27.01,27.07,510380.5,1385666.11,20190909
27.27,26.98,27.24,388348.57,1053124.072,20190910
27.33,26.77,26.91,350397.86,943979.708,20190911
27.81,27.13,27.78,895784.71,2476233.385,20190912
27.77,27.15,27.21,485030.33,1326898.064,20190916
27.16,26.69,26.82,416481.58,1119881.507,20190917
27.22,26.79,26.94,361632.0,977811.506,20190918
27.07,26.6,26.73,345420.78,923249.096,20190919
26.95,26.63,26.8,375726.63,1005401.011,20190920
26.49,26.0,26.15,603530.46,1578059.535,20190923
26.33,26.09,26.13,348238.65,912369.802,20190924
26.24,25.94,26.02,377226.1,984737.112,20190925
26.4,26.02,26.22,513030.07,1345600.003,20190926
26.21,25.91,26.0,397929.72,1035915.227,20190927
26.14,25.81,25.9,275853.64,715836.294,20190930
26.8,26.01,26.36,846172.73,2244970.29,20191008
27.02,26.15,26.8,1156158.91,3098614.759,20191009
26.95,26.5,26.62,541049.4,1442136.207,20191010
26.85,26.51,26.81,690326.26,1847963.515,20191011
27.33,26.84,27.12,1040628.13,2825413.279,20191014
27.28,26.69,26.77,500297.87,1346872.054,20191015
27.73,26.91,27.07,1003115.5,2738841.249,20191016
27.65,27.05,27.35,680262.63,1863059.279,20191017
27.73,26.8,26.96,607699.49,1656770.01,20191018
27.75,27.0,27.64,872102.99,2397091.54,20191021
27.76,27.13,27.36,610048.93,1666020.11,20191022
27.29,26.67,26.78,567453.85,1524444.874,20191023
26.94,26.55,26.66,427847.72,1144057.301,20191024
27.26,26.75,26.97,576900.67,1557601.073,20191025
26.96,26.5,26.88,430973.13,1154334.459,20191028
26.94,26.65,26.67,356020.1,952604.312,20191029
26.81,26.6,26.65,363281.93,970373.901,20191030
26.8,26.38,26.53,336242.1,892565.154,20191031
26.86,26.19,26.83,626001.06,1671105.769,20191101
27.04,26.72,26.86,538984.78,1449249.324,20191104
27.04,26.53,26.88,989568.41,2661351.01,20191105
26.87,26.42,26.65,674955.29,1793945.059,20191106
26.68,26.5,26.57,338402.13,899446.952,20191107
26.81,26.57,26.74,485246.82,1296314.035,20191108
26.59,26.32,26.38,463259.32,1225718.598,20191111
26.53,26.21,26.28,363338.48,957393.717,20191112
26.3,26.0,26.19,346952.18,906913.752,20191113
26.47,26.07,26.39,378340.59,996571.596,20191114
26.66,26.37,26.49,468115.31,1243472.92,20191115
26.56,26.11,26.42,368123.61,971790.938,20191118
26.77,26.4,26.72,670929.91,1790181.123,20191119
26.81,26.6,26.65,485753.69,1298731.943,20191120
26.76,26.45,26.75,385674.61,1028865.557,20191121
27.1,26.69,27.01,669911.33,1804428.855,20191122
28.65,27.3,28.65,1368032.57,3856258.081,20191125
28.7,28.09,28.35,717189.2,2033217.22,20191126
28.39,27.88,28.0,631435.43,1775378.956,20191127
28.01,27.62,27.8,439961.62,1222840.122,20191128
27.85,27.59,27.7,448064.84,1242373.843,20191129
28.12,27.86,28.05,1006843.93,2823613.032,20191202
28.18,27.73,28.0,596981.6,1673918.787,20191203
28.0,27.65,27.78,343382.71,954765.854,20191204
27.95,27.61,27.8,373263.56,1036876.654,20191205
27.88,27.72,27.86,358417.78,997431.113,20191206
28.35,27.96,28.17,1160606.12,3267608.704,20191209
28.15,27.73,27.9,685469.29,1914187.737,20191210
28.24,27.95,28.0,985187.14,2765688.862,20191211
28.17,27.94,28.0,563827.86,1580712.929,20191212
28.34,28.13,28.15,1431370.48,4039464.921,20191213
29.45,28.15,29.45,1896062.95,5422583.746,20191216
31.34,29.19,30.45,1596500.08,4825522.418,20191217
30.96,30.2,30.31,907932.96,2770950.971,20191218
31.33,30.3,31.03,861136.59,2663619.932,20191219
32.25,31.35,31.68,893368.1,2845286.063,20191220
32.19,30.99,31.01,638835.65,2006994.594,20191223
31.1,30.09,30.38,754924.76,2293911.135,20191224
30.63,30.18,30.29,685037.32,2082008.206,20191225
31.3,30.5,31.12,888790.74,2758745.302,20191226
31.32,30.81,31.0,703096.48,2185106.849,20191227
31.79,31.02,31.57,915751.42,2870247.85,20191230
32.45,31.32,32.18,663497.98,2122966.722,20191231
33.6,32.51,32.56,1012130.4,3342373.87,20200102
32.81,31.78,32.05,805536.29,2584309.903,20200103
31.76,31.25,31.51,876840.58,2761448.649,20200106
31.93,31.35,31.76,577933.43,1827510.871,20200107
31.77,31.05,31.68,529996.84,1667143.803,20200108
32.48,31.85,32.2,783734.46,2519927.706,20200109
32.22,31.35,31.46,557443.73,1762516.212,20200110
31.78,31.26,31.68,620749.12,1957169.612,20200113
31.79,31.37,31.39,419712.28,1322400.772,20200114
31.49,30.46,30.49,672944.31,2071443.624,20200115
30.93,30.4,30.53,581395.89,1779302.393,20200116
30.85,30.32,30.46,472219.27,1442665.863,20200117
30.51,29.52,29.87,915637.67,2730988.423,20200120
29.86,29.02,29.21,817969.27,2399809.082,20200121
30.34,29.18,30.11,937710.24,2796437.18,20200122
29.78,28.68,28.98,986948.79,2884502.3,20200123
27.52,26.08,26.63,1530865.47,4119846.241,20200203
27.87,26.9,27.62,1036283.13,2838999.6,20200204
27.98,27.22,27.64,800685.51,2213431.074,20200205
28.12,27.42,27.9,871869.33,2412853.83,20200206
27.6,27.21,27.5,713785.48,1956685.39,20200207
28.88,27.12,28.67,911238.04,2575641.111,20200210
29.53,28.55,29.08,685354.05,2004428.742,20200211
29.3,28.85,29.08,417586.79,1213044.773,20200212
30.75,29.46,29.95,895698.09,2704306.52,20200213
30.8,29.97,30.8,1197703.17,3648835.02,20200214
30.95,29.92,30.42,1022139.0,3098649.744,20200217
30.05,29.52,29.7,785951.88,2334626.806,20200218
30.1,29.55,29.65,608207.21,1812951.829,20200219
29.87,29.28,29.85,801996.28,2370776.285,20200220
29.8,29.0,29.25,1059201.54,3098548.224,20200221
29.15,28.42,28.9,949995.58,2730214.174,20200224
29.65,28.8,29.33,1052970.0,3080948.536,20200225
30.96,28.6,30.11,1654456.71,5002513.795,20200226
30.26,29.38,29.67,922758.82,2745257.988,20200227
30.6,29.18,29.59,1101299.76,3303591.4,20200228
31.63,29.9,31.13,1375747.0,4275882.349,20200302
31.63,30.43,31.1,942831.95,2913732.843,20200303
32.45,30.74,32.26,1129796.24,3595379.313,20200304
32.7,31.6,32.3,924170.06,2966839.995,20200305
31.99,30.99,31.13,679528.96,2124469.847,20200306
31.13,30.01,30.55,843613.44,2579914.142,20200309
31.57,30.2,30.8,765993.64,2358611.141,20200310
